position,codon position,genome base,mRNAbase,genome codon,mRNA codon,genome amino acid,mRNA amino acid,substitution score,in a polyT tract,in a tract with 70 percent T residues

763,1,A,C,ATT,CTT,I,L,2,Y,N
773,2,T,C,GTT,GCT,V,A,0,N,N
788,2,A,C,AAA,ACA,K,T,-1,N,N
793,1,T,G,TGG,GGG,W,G,-2,N,N
796,1,T,C,TTA,CTA,L,L,4,N,Y
804,3,T,C,TTT,TTC,F,F,6,Y,Y
812,2,T,C,TTA,TCA,L,S,-2,N,Y
814,1,T,G,TTT,GTT,F,V,-1,N,Y
818,2,T,G,GTT,GGT,V,G,-3,N,Y
826,1,A,G,ACA,GCT,T,A,0,N,N
828,3,A,T,ACA,GCT,T,A,0,N,N
844,1,T,G,TCA,GCA,S,A,1,N,N
849,3,A,G,ATA,ATG,I,M,1,N,N
853,1,A,G,ATG,GTG,M,V,1,N,N
857,2,T,C,ATA,ACA,I,T,-1,N,N
864,3,A,G,CTA,CTG,L,L,4,N,N
878,2,G,C,CGC,CCC,R,P,-2,N,N
880,1,T,G,TCT,GCT,S,A,1,N,N
891,3,T,C,TTT,TTC,F,F,6,N,N
894,3,T,C,ATT,ATC,I,I,4,N,N
899,2,A,C,CAA,CCA,Q,P,-1,N,N
906,3,A,G,TTA,TTG,L,L,4,N,N
917,2,A,G,GAA,GGA,E,G,-2,N,N
919,1,G,C,GAT,CAT,D,H,-1,N,N
927,3,A,C,GAA,GAC,E,D,2,N,N
935,2,C,G,ACG,AGG,T,R,-1,N,N
937,1,T,G,TTT,GCT,F,A,-2,Y,N
938,2,T,C,TTT,GCT,F,A,-2,Y,N
946,1,A,T,AAA,TTA,K,L,-2,N,N
947,2,A,T,AAA,TTA,K,L,-2,N,N
961,1,A,T,AAT,TCT,N,S,1,N,N
962,2,A,C,AAT,TCT,N,S,1,N,N
965,2,A,G,GAG,GGG,E,G,-2,N,N
970,1,A,G,ATA,GTA,I,V,3,N,N
979,1,T,G,TGG,GGG,W,G,-2,N,N
990,3,T,C,TGT,TGC,C,C,9,N,N
991,1,C,G,CAG,GCG,Q,A,-1,N,N
992,2,A,C,CAG,GCG,Q,A,-1,N,N
994,1,G,C,GAT,CAT,D,H,-1,N,N
1004,2,A,C,CAT,CCC,H,P,-2,N,N
1005,3,T,C,CAT,CCC,H,P,-2,N,N
1013,2,T,C,TTT,TCT,F,S,-2,N,Y
