,position,codon position,genome base,mRNAbase,genome codon,mRNA codon,genome amino acid,mRNA amino acid,substitution score,in a polyT tract,in a tract with 70 percent T residues
Km_atpA,1,1,T,G,TGA,GCA,STOP,A,0,N,N
Km_atpA,2,2,G,C,TGA,GCA,STOP,A,0,N,N
Km_atpA,8,2,T,C,GTG,GCG,V,A,0,N,N
Km_atpA,28,1,G,A,GTT,ATT,V,I,3,N,N
Km_atpA,40,1,T,C,TCA,CCA,S,P,-1,N,N
Km_atpA,70,1,A,G,ATT,GTT,I,V,3,N,Y
Km_atpA,86,2,G,C,GGC,GCC,G,A,0,N,N
Km_atpA,89,2,A,C,TAT,TCT,Y,S,-2,N,N
Km_atpA,118,1,A,G,ATT,GTT,I,V,3,N,N
Km_atpA,136,1,A,G,ATC,GTC,I,V,3,N,N
Km_atpA,155,2,A,C,TAC,TCT,Y,S,-2,N,N
Km_atpA,156,3,C,T,TAC,TCT,Y,S,-2,N,N
Km_atpA,163,1,A,C,ATA,CTA,I,L,2,N,N
Km_atpA,200,2,A,C,GAA,GCC,E,A,-1,N,N
Km_atpA,201,3,A,C,GAA,GCC,E,A,-1,N,N
Km_atpA,211,1,A,C,ACA,CCA,T,P,-1,N,N
Km_atpA,217,1,T,C,TTA,CTA,L,L,4,N,N
Km_atpA,233,2,A,C,GAT,GCT,D,A,-2,N,N
Km_atpA,268,1,A,G,AAT,GAC,N,D,1,N,N
Km_atpA,270,3,T,C,AAT,GAC,N,D,1,N,N
Km_atpA,274,1,G,A,GTT,ATT,V,I,3,N,N
Km_atpA,278,2,G,A,AGA,AAA,R,K,2,N,N
Km_atpA,335,2,G,A,AGA,AAA,R,K,2,N,N
Km_atpA,338,2,T,C,GTG,GCG,V,A,0,N,N
Km_atpA,371,2,T,C,ATA,ACA,I,T,-1,N,N
Km_atpA,400,1,T,C,TTG,CTG,L,L,4,N,N
Km_atpA,404,2,T,C,GTG,GCG,V,A,0,N,N
Km_atpA,432,3,A,C,GAA,GAC,E,D,2,N,N
Km_atpA,449,2,T,C,ATG,ACG,M,T,-1,N,N
Km_atpA,457,1,G,A,GAA,AAA,E,K,1,N,N
Km_atpA,460,1,A,G,ACT,GCT,T,A,0,N,N
Km_atpA,472,1,A,G,ACA,GTA,T,V,0,N,N
Km_atpA,473,2,C,T,ACA,GTA,T,V,0,N,N
Km_atpA,487,1,G,C,GTA,CTA,V,L,1,N,N
Km_atpA,496,1,A,G,ATA,GCA,I,A,-1,N,N
Km_atpA,497,2,T,C,ATA,GCA,I,A,-1,N,N
Km_atpA,508,1,A,G,ACT,GCT,T,A,0,N,N
Km_atpA,518,2,T,C,ATA,ACA,I,T,-1,N,N
Km_atpA,523,1,A,C,ATA,CTA,I,L,2,N,N
Km_atpA,536,2,A,C,GAA,GCA,E,A,-1,N,N
Km_atpA,548,2,T,C,GTC,GCC,V,A,0,N,N
Km_atpA,559,1,A,G,ATT,GTT,I,V,3,N,N
Km_atpA,571,1,A,G,AAA,GAA,K,E,1,N,N
Km_atpA,578,2,G,A,AGG,AAG,R,K,2,N,N
Km_atpA,581,2,G,C,GGC,GCC,G,A,0,N,N
Km_atpA,590,2,G,A,CGA,CAA,R,Q,1,N,N
Km_atpA,600,3,T,C,TGT,TGC,C,C,9,N,N
Km_atpA,602,2,T,C,TTA,TCA,L,S,-2,N,N
Km_atpA,607,1,A,C,ATA,CTA,I,L,2,N,N
Km_atpA,616,1,A,G,AGG,GGG,R,G,-2,N,N
Km_atpA,623,2,T,C,TTT,TCT,F,S,-2,Y,N
Km_atpA,626,2,T,C,TTC,TCC,F,S,-2,Y,N
Km_atpA,630,3,T,C,CAT,CAC,H,H,8,N,N
Km_atpA,631,1,A,G,AAT,GAC,N,D,1,N,N
Km_atpA,633,3,T,C,AAT,GAC,N,D,1,N,N
Km_atpA,635,2,T,C,ATT,ACT,I,T,-1,Y,N
Km_atpA,641,2,G,A,AGG,AAG,R,K,2,N,N
Km_atpA,651,3,A,C,AAA,AAC,K,N,0,N,N
Km_atpA,653,2,T,C,TTA,TCA,L,S,-2,N,N
Km_atpA,658,1,G,C,GTA,CTA,V,L,1,N,N
Km_atpA,664,1,A,G,AAT,GAT,N,D,1,N,N
Km_atpA,697,1,A,G,AAT,GCT,N,A,-2,N,N
Km_atpA,698,2,A,C,AAT,GCT,N,A,-2,N,N
Km_atpA,725,2,T,C,ATT,ACT,I,T,-1,N,N
Km_atpA,758,2,T,C,GTT,GCT,V,A,0,N,N
Km_atpA,769,1,G,A,GAT,AGT,D,S,0,N,N
Km_atpA,770,2,A,G,GAT,AGT,D,S,0,N,N
Km_atpB,13,1,G,A,GAA,ACA,E,T,-1,N,N
Km_atpB,14,2,A,C,GAA,ACA,E,T,-1,N,N
Km_atpB,16,1,A,C,ATA,CTA,I,L,2,N,N
Km_atpB,39,3,T,G,TTT,TTG,F,L,0,Y,Y
Km_atpB,41,2,T,C,TTC,TCC,F,S,-2,Y,Y
Km_atpB,43,1,A,G,ATC,GTC,I,V,3,N,Y
Km_atpB,49,1,A,C,AAT,CAT,N,H,1,N,N
Km_atpB,137,2,A,G,AAT,AGC,N,S,1,N,N
Km_atpB,138,3,T,C,AAT,AGC,N,S,1,N,N
Km_atpB,140,2,A,C,TAT,TCT,Y,S,-2,N,N
Km_atpB,157,1,G,C,GAA,CAA,E,Q,2,N,N
Km_atpB,388,1,G,C,GTT,CTT,V,L,1,N,N
Km_atpB,391,1,A,G,ATT,GTT,I,V,3,N,N
Km_atpB,425,2,T,C,GTA,GCA,V,A,0,N,N
Km_atpB,495,3,T,C,GAT,GAC,D,D,6,N,N
Km_atpB,497,2,A,G,AAA,AGA,K,R,2,N,N
Km_atpB,577,1,A,C,ACA,CCA,T,P,-1,N,N
Km_atpB,592,1,T,C,TTG,CTG,L,L,4,N,N
Km_atpB,596,2,G,C,AGC,ACC,S,T,1,N,N
Km_atpB,607,1,T,C,TTT,CTT,F,L,0,N,N
Km_atpB,622,1,A,C,AAG,CAG,K,Q,1,N,N
Km_atpB,628,1,A,G,ACT,GCT,T,A,0,N,N
Km_atpB,644,2,A,C,GAA,GCA,E,A,-1,N,N
Km_atpB,679,1,T,C,TTG,CTG,L,L,4,N,N
Km_atpB,683,2,A,G,CAA,CGA,Q,R,1,N,N
Km_atpB,685,1,A,G,ATA,GTA,I,V,3,N,N
Km_atpB,688,1,A,G,AAA,GAA,K,E,1,N,N
Km_atpB,695,2,C,T,TCT,TTT,S,F,-2,N,N
Km_atpB,697,1,A,G,AGG,GAG,R,E,0,N,N
Km_atpB,698,2,G,A,AGG,GAG,R,E,0,N,N
Km_atpB,701,2,T,C,TTT,TCT,F,S,-2,N,N
Km_atpB,703,1,A,C,AAG,CAG,K,Q,1,N,N
Km_cbbx,8,2,G,C,AGA,ACA,R,T,-1,N,N
Km_cbbx,11,2,A,C,AAA,ACA,K,T,-1,N,N
Km_cbbx,13,1,A,G,ATG,GTG,M,V,1,N,N
Km_cbbx,16,1,A,C,AAG,CGG,K,R,2,N,N
Km_cbbx,17,2,A,G,AAG,CGG,K,R,2,N,N
Km_cbbx,20,2,A,C,TAC,TCC,Y,S,-2,N,N
Km_cbbx,41,2,T,C,ATA,ACA,I,T,-1,N,N
Km_cbbx,43,1,A,G,AGT,GGT,S,G,0,N,N
Km_cbbx,59,2,A,C,GAG,GCG,E,A,-1,N,N
Km_cbbx,61,1,T,C,TCT,CCT,S,P,-1,N,N
Km_cbbx,70,1,A,G,AAA,GAA,K,E,1,N,N
Km_cbbx,85,1,A,C,ATA,CTA,I,L,2,N,N
Km_cbbx,98,2,G,C,GGA,GCA,G,A,0,N,N
Km_cbbx,103,1,A,G,ATT,GTT,I,V,3,N,N
Km_cbbx,125,2,T,C,GTC,GCC,V,A,0,N,N
Km_cbbx,128,2,A,G,GAT,GGT,D,G,-1,N,N
Km_cbbx,130,1,A,G,ATC,GCC,I,A,-1,N,N
Km_cbbx,131,2,T,C,ATC,GCC,I,A,-1,N,N
Km_cbbx,134,2,A,C,GAT,GCT,D,A,-2,N,N
Km_cbbx,137,2,A,G,GAA,GGA,E,G,-2,N,N
Km_cbbx,140,2,G,C,TGA,TCA,STOP,S,0,N,N
Km_cbbx,143,2,T,C,ATC,ACC,I,T,-1,N,N
Km_cbbx,169,1,A,C,ATC,CTC,I,L,2,N,N
Km_cbbx,177,3,A,C,GAA,GAC,E,D,2,N,N
Km_cbbx,179,2,G,C,CGC,CCT,R,P,-2,N,N
Km_cbbx,180,3,C,T,CGC,CCT,R,P,-2,N,N
Km_cbbx,205,1,G,C,GAT,CGT,D,R,-2,N,N
Km_cbbx,206,2,A,G,GAT,CGT,D,R,-2,N,N
Km_cbbx,209,2,A,G,AAA,AGA,K,R,2,N,N
Km_cbbx,218,2,T,C,GTT,GCT,V,A,0,Y,Y
Km_cbbx,223,1,T,C,TTC,CTC,F,L,0,N,Y
Km_cbbx,232,1,T,C,TTT,CTT,F,L,0,Y,Y
Km_cbbx,235,1,A,G,AGA,GGA,R,G,-2,N,Y
Km_cbbx,248,2,A,G,AAG,AGG,K,R,2,N,N
Km_cbbx,250,1,G,A,GAC,AAC,D,N,1,N,N
Km_cbbx,263,2,C,T,GCT,GTT,A,V,0,N,N
Km_cbbx,277,1,G,A,GTT,ACT,V,T,0,N,N
Km_cbbx,278,2,T,C,GTT,ACT,V,T,0,N,N
Km_cbbx,280,1,A,C,ATT,CTT,I,L,2,N,N
Km_cbbx,294,3,T,C,TAT,TAC,Y,Y,7,N,N
Km_cbbx,314,2,A,G,AAA,AGA,K,R,2,N,N
Km_cbbx,323,2,A,C,TAA,TCA,STOP,S,0,N,N
Km_cbbx,325,1,A,C,ATT,CTT,I,L,2,N,N
Km_cbbx,334,1,G,A,GGC,AGC,G,S,0,N,N
Km_cbbx,337,1,A,G,ACA,GCA,T,A,0,N,N
Km_cbbx,340,1,A,G,AAA,GAA,K,E,1,N,N
Km_cbbx,354,3,A,C,TTA,TTC,L,F,0,N,Y
Km_cbbx,357,3,G,C,TTG,TTC,L,F,0,N,Y
Km_cbbx,364,1,A,C,AAA,CAA,K,Q,1,N,N
Km_cbbx,370,1,T,C,TCT,CCC,S,P,-1,N,Y
Km_cbbx,372,3,T,C,TCT,CCC,S,P,-1,Y,Y
Km_cbbx,374,2,T,C,TTT,TCT,F,S,-2,Y,Y
Km_cbbx,376,1,G,C,GTC,CTC,V,L,1,N,Y
Km_cbbx,390,3,A,C,GAA,GAC,E,D,2,N,N
Km_cbbx,418,1,A,G,ATA,GTA,I,V,3,N,N
Km_cbbx,454,1,A,G,AAG,GAC,K,D,-1,N,N
Km_cbbx,456,3,G,C,AAG,GAC,K,D,-1,N,N
Km_cbbx,458,2,A,C,AAA,ACA,K,T,-1,N,N
Km_cbbx,463,1,A,G,ATC,GTC,I,V,3,N,Y
Km_cbbx,466,1,G,A,GTT,ATT,V,I,3,N,Y
Km_cbbx,469,1,T,C,TTT,CTT,F,L,0,Y,Y
Km_cbbx,472,1,T,C,TTT,CTT,F,L,0,Y,Y
Km_cbbx,487,1,G,C,GAA,CAA,E,Q,2,N,N
Km_cbbx,491,2,A,C,GAA,GCA,E,A,-1,N,N
Km_cbbx,502,1,C,T,CTG,TTC,L,F,0,N,N
Km_cbbx,504,3,G,C,CTG,TTC,L,F,0,N,N
Km_cbbx,537,3,G,C,ATG,ATC,M,I,1,N,N
Km_cbbx,566,2,A,C,AAC,ACC,N,T,0,N,N
Km_cbbx,571,1,G,A,GAC,AAC,D,N,1,N,N
Km_cbbx,574,1,G,C,GAT,CAT,D,H,-1,N,N
Km_cbbx,595,1,A,G,ATG,GTG,M,V,1,N,N
Km_cbbx,610,1,A,G,AAA,GCA,K,A,-1,N,N
Km_cbbx,611,2,A,C,AAA,GCA,K,A,-1,N,N
Km_cbbx,619,1,A,G,ATG,GTG,M,V,1,N,N
Km_cbbx,625,1,T,C,TGG,CGG,W,R,-3,N,N
Km_cbbx,635,2,T,C,GTA,GCA,V,A,0,N,N
Km_cbbx,638,2,A,G,CAT,CGT,H,R,0,N,Y
Km_cbbx,665,2,A,G,CAG,CGA,Q,R,1,N,N
Km_cbbx,666,3,G,A,CAG,CGA,Q,R,1,N,N
Km_cbbx,668,2,A,G,CAA,CGA,Q,R,1,N,N
Km_cbbx,671,2,A,G,CAG,CGG,Q,R,1,N,N
Km_cbbx,679,1,A,G,AGA,GGA,R,G,-2,N,N
Km_cbbx,689,2,A,C,GAT,GCT,D,A,-2,N,N
Km_cbbx,691,1,A,G,AAC,GAC,N,D,1,N,N
Km_cbbx,698,2,T,C,GTG,GCG,V,A,0,N,N
Km_cbbx,705,3,T,C,TTT,TTC,F,F,6,N,N
Km_cbbx,706,1,A,G,AAC,GCC,N,A,-2,N,N
Km_cbbx,707,2,A,C,AAC,GCC,N,A,-2,N,N
Km_cbbx,715,1,A,C,AGC,CGC,S,R,-1,N,N
Km_cbbx,721,1,A,G,ATA,GTA,I,V,3,N,N
Km_cbbx,728,2,G,C,AGG,ACG,R,T,-1,N,N
Km_cbbx,740,2,T,C,TTT,TCT,F,S,-2,N,N
Km_cbbx,751,1,A,C,ATA,CTA,I,L,2,N,N
Km_cbbx,760,1,A,G,AAC,GCC,N,A,-2,N,N
Km_cbbx,761,2,A,C,AAC,GCC,N,A,-2,N,N
Km_cbbx,766,1,G,C,GTA,CTA,V,L,1,N,N
Km_cbbx,769,1,A,C,ATT,CTT,I,L,2,N,Y
Km_cbbx,773,2,T,C,TTT,TCT,F,S,-2,Y,Y
Km_cbbx,780,3,T,C,TTT,TTC,F,F,6,Y,Y
Km_cbbx,782,2,T,C,ATT,ACC,I,T,-1,N,Y
Km_cbbx,783,3,T,C,ATT,ACC,I,T,-1,N,Y
Km_cbbx,785,2,G,A,CGA,CAA,R,Q,1,N,N
Km_cbbx,793,1,G,A,GCA,ACA,A,T,0,N,N
Km_cbbx,812,2,T,C,ATT,ACT,I,T,-1,N,N
Km_cbbx,824,2,G,C,TGT,TCT,C,S,-1,N,N
Km_cbbx,828,3,A,C,GAA,GAC,E,D,2,N,N
Km_cbbx,835,1,G,A,GAT,ACT,D,T,-1,N,Y
Km_cbbx,836,2,A,C,GAT,ACT,D,T,-1,N,Y
Km_cbbx,838,1,T,C,TTC,CTC,F,L,0,N,Y
Km_cbbx,848,2,A,G,AAT,AGT,N,S,1,N,N
Km_cbbx,856,1,A,G,ATG,GTG,M,V,1,N,N
Km_cbbx,862,1,A,G,AGC,GCC,S,A,1,N,N
Km_cbbx,863,2,G,C,AGC,GCC,S,A,1,N,N
Km_cbbx,884,2,T,C,TTT,TCT,F,S,-2,Y,Y
Km_chlI,86,2,T,C,ATA,ACA,I,T,-1,N,N
Km_chlI,116,2,G,A,AGA,AAA,R,K,2,N,N
Km_chlI,349,1,A,G,AAT,GAT,N,D,1,N,N
Km_chlI,386,2,T,C,ATC,ACC,I,T,-1,N,N
Km_chlI,388,1,A,G,ACT,GCT,T,A,0,N,N
Km_chlI,421,1,A,G,AAA,GAA,K,E,1,N,N
Km_chlI,443,2,G,C,GGG,GCG,G,A,0,N,N
Km_chlI,524,2,T,C,ATA,ACG,I,T,-1,N,N
Km_chlI,525,3,A,G,ATA,ACG,I,T,-1,N,N
Km_chlI,526,1,A,G,ATA,GTA,I,V,3,N,N
Km_chlI,543,3,A,C,AAA,AAC,K,N,0,N,N
Km_chlI,595,1,A,G,ACA,GCA,T,A,0,N,N
Km_chlI,607,1,A,G,AAT,GAT,N,D,1,N,N
Km_chlI,617,2,T,C,TTC,TCC,F,S,-2,N,N
Km_chlI,626,2,T,C,TTT,TCT,F,S,-2,N,N
Km_chlI,703,1,A,G,AGT,GGT,S,G,0,N,N
Km_chlI,708,3,A,C,GAA,GAC,E,D,2,N,N
Km_clpC,4,1,A,G,ACT,GCT,T,A,0,N,N
Km_clpC,17,2,G,C,TGT,TCT,C,S,-1,N,N
Km_clpC,22,1,A,G,ATA,GTA,I,V,3,N,N
Km_clpC,115,1,T,C,TAT,CAT,Y,H,2,N,N
Km_clpC,121,1,A,G,ATT,GTT,I,V,3,N,Y
Km_clpC,194,2,A,G,AAT,AGT,N,S,1,N,N
Km_clpC,197,2,A,C,AAA,ACA,K,T,-1,N,N
Km_clpC,221,2,T,C,ATT,ACT,I,T,-1,N,N
Km_clpC,224,2,A,G,AAT,AGT,N,S,1,N,N
Km_clpC,226,1,T,C,TAT,CAT,Y,H,2,N,N
Km_clpC,235,1,T,C,TTC,CCC,F,P,-4,N,N
Km_clpC,236,2,T,C,TTC,CCC,F,P,-4,N,N
Km_clpC,256,1,A,C,AAG,CAG,K,Q,1,N,N
Km_clpC,275,2,C,T,GCG,GTG,A,V,0,N,N
Km_clpC,293,2,T,C,ATC,ACC,I,T,-1,N,N
Km_clpC,299,2,T,C,GTT,GCT,V,A,0,Y,N
Km_clpC,317,2,A,G,AAA,AGA,K,R,2,N,N
Km_clpC,358,1,A,G,ACC,GCC,T,A,0,N,Y
Km_clpC,385,1,A,C,AAA,CAA,K,Q,1,N,N
Km_clpC,448,1,G,A,GAT,AAT,D,N,1,N,N
Km_clpC,451,1,A,G,ATA,GTA,I,V,3,N,N
Km_clpC,572,2,T,C,ATA,ACA,I,T,-1,N,N
Km_clpC,593,2,A,G,CAC,CGC,H,R,0,N,N
Km_clpC,620,2,T,C,TTT,TCT,F,S,-2,Y,N
Km_dnaK5,7,1,A,C,AGT,CGT,S,R,-1,N,N
Km_dnaK5,31,1,A,G,ACT,GCT,T,A,0,N,N
Km_dnaK5,34,1,A,C,ATA,CTC,I,L,2,N,Y
Km_dnaK5,36,3,A,C,ATA,CTC,I,L,2,N,Y
Km_dnaK5,67,1,A,G,ATA,GTA,I,V,3,N,N
Km_dnaK5,73,1,G,C,GTA,CTA,V,L,1,N,N
Km_dnaK5,100,1,A,C,ATA,CTA,I,L,2,N,N
Km_dnaK5,103,1,C,G,CTA,GTA,L,V,1,N,N
Km_dnaK5,208,1,A,G,AAA,GAA,K,E,1,N,N
Km_dnaK5,212,2,T,C,ATT,ACT,I,T,-1,N,N
Km_dnaK5,220,1,T,C,TTT,CTT,F,L,0,N,N
Km_psaA,9,3,A,G,TTA,TTG,L,L,4,N,N
Km_psaA,26,2,G,C,GGA,GCA,G,A,0,N,Y
Km_psaA,32,2,A,C,GAA,GCA,E,A,-1,N,N
Km_psaA,47,2,G,C,GGT,GCT,G,A,0,N,N
Km_psaA,57,3,G,C,TTG,TTC,L,F,0,N,N
Km_psaA,60,3,A,C,AGA,AGC,R,S,-1,N,N
Km_psaA,133,1,G,C,GTA,CTA,V,L,1,N,N
Km_psaA,146,2,T,C,GTT,GCT,V,A,0,N,N
Km_psaA,160,1,A,G,ACA,GCA,T,A,0,N,N
Km_psaA,163,1,A,C,AAG,CAG,K,Q,1,N,N
Km_psaA,170,2,A,C,TAT,TCT,Y,S,-2,N,N
Km_psaA,182,2,A,C,AAA,ACA,K,T,-1,N,N
Km_psaA,231,3,T,C,ATT,ATC,I,I,4,Y,N
Km_psaA,241,1,G,A,GTA,ATA,V,I,3,N,N
Km_psaA,283,1,A,G,AGA,GCA,R,A,-1,N,N
Km_psaA,284,2,G,C,AGA,GCA,R,A,-1,N,N
Km_psaA,287,2,A,C,GAT,GCT,D,A,-2,N,N
Km_psaA,296,2,A,G,AAA,AGA,K,R,2,N,N
Km_psaA,298,1,A,G,AAT,GAT,N,D,1,N,N
Km_psaA,305,2,T,C,ATG,ACG,M,T,-1,N,N
Km_psaA,337,1,G,C,GCA,CCA,A,P,-1,N,N
Km_psaA,386,2,T,C,TTC,TCC,F,S,-2,N,N
Km_psaA,395,2,A,G,AAA,AGA,K,R,2,N,N
Km_psaA,440,2,T,C,ATG,ACG,M,T,-1,N,N
Km_psaA,449,2,A,C,GAG,GCG,E,A,-1,N,N
Km_psaA,464,2,T,C,ATA,ACA,I,T,-1,N,N
Km_psaA,475,1,A,G,AGT,GGT,S,G,0,N,N
Km_psaA,505,1,A,G,ACA,GCA,T,A,0,N,N
Km_psaA,527,2,G,A,AGG,AAG,R,K,2,N,N
Km_psaA,532,1,A,G,ACT,GCT,T,A,0,N,N
Km_psaA,559,1,A,G,ATG,GTG,M,V,1,N,N
Km_psaA,574,1,A,G,AAA,GCA,K,A,-1,N,N
Km_psaA,575,2,A,C,AAA,GCA,K,A,-1,N,N
Km_psaA,582,3,T,C,CAT,CAC,H,H,8,N,N
Km_psaA,583,1,T,C,TTA,CTA,L,L,4,N,N
Km_psaA,587,2,T,C,ATC,ACC,I,T,-1,N,N
Km_psaA,619,1,A,G,ACC,GCC,T,A,0,N,N
Km_psbA,136,1,G,C,GTA,CTA,V,L,1,N,N
Km_psbA,147,3,T,C,TTT,TTC,F,F,6,N,Y
Km_psbA,153,3,T,C,TTT,TTC,F,F,6,Y,Y
Km_psbA,156,3,T,C,TTT,TTC,F,F,6,Y,Y
Km_psbA,193,1,T,C,TTA,CTA,L,L,4,N,N
Km_psbA,201,3,T,C,TAT,TAC,Y,Y,7,N,N
Km_psbA,267,3,C,T,GTC,GTT,V,V,4,N,N
Km_psbA,270,3,T,C,TTT,TTC,F,F,6,N,Y
Km_psbA,285,3,T,C,ATT,ATC,I,I,4,N,N
Km_psbA,300,3,T,C,TTT,TTC,F,F,6,Y,N
Km_psbA,336,3,T,C,TTT,TTC,F,F,6,N,N
Km_psbA,342,3,T,C,TTT,TTC,F,F,6,N,N
Km_psbA,354,3,T,C,TTT,TTC,F,F,6,Y,N
Km_psbA,444,3,C,T,GGC,GGT,G,G,6,N,N
Km_psbA,466,1,T,C,TTA,CTA,L,L,4,Y,N
Km_psbA,534,3,T,C,TAT,TAC,Y,Y,7,N,N
Km_psbA,537,3,T,C,AAT,AAC,N,N,6,N,N
Km_psbA,573,3,T,C,ATT,ATC,I,I,4,Y,Y
Km_psbA,591,3,T,C,TTT,TTC,F,F,6,Y,N
Km_psbA,597,3,T,C,AAT,AAC,N,N,6,N,N
Km_psbA,618,3,T,C,TTT,TTC,F,F,6,Y,Y
Km_psbA,636,3,C,T,GTC,GTT,V,V,4,N,N
Km_psbC,37,1,T,C,TAT,CAT,Y,H,2,N,Y
Km_psbC,42,3,T,C,TCT,TCC,S,S,4,N,Y
Km_psbC,46,1,T,C,TCA,CCA,S,P,-1,N,Y
Km_psbC,50,2,T,C,TTT,TCT,F,S,-2,N,Y
Km_psbC,55,1,A,G,ATG,GCG,M,A,-1,N,N
Km_psbC,56,2,T,C,ATG,GCG,M,A,-1,N,N
Km_psbC,59,2,T,C,TTT,TCT,F,S,-2,Y,Y
Km_psbC,61,1,T,C,TAT,CAT,Y,H,2,Y,Y
Km_psbC,66,3,T,C,CCT,CCC,P,P,7,N,Y
Km_psbC,67,1,T,C,TAT,CGT,Y,R,-2,N,Y
Km_psbC,68,2,A,G,TAT,CGT,Y,R,-2,N,N
Km_psbC,77,2,T,C,TTA,TCA,L,S,-2,N,N
Km_psbC,80,2,A,G,GAA,GGA,E,G,-2,N,N
Km_psbC,100,1,A,G,ATT,GTT,I,V,3,N,N
Km_psbC,104,2,T,C,TTA,TCA,L,S,-2,Y,N
Km_psbC,110,2,G,C,AGT,ACT,S,T,1,N,N
Km_psbC,149,2,A,C,AAA,ACA,K,T,-1,N,N
Km_psbC,177,3,T,C,CAT,CAC,H,H,8,N,N
Km_psbC,178,1,A,G,ATG,GTG,M,V,1,N,N
Km_psbC,236,2,G,C,GGG,GCG,G,A,0,N,N
Km_psbC,334,1,A,G,ATA,GCA,I,A,-1,N,N
Km_psbC,335,2,T,C,ATA,GCA,I,A,-1,N,N
Km_psbC,346,1,A,G,ATT,GTT,I,V,3,N,N
Km_psbC,350,2,A,C,GAC,GCC,D,A,-2,N,N
Km_psbC,391,1,A,C,ATA,CTA,I,L,2,N,N
Km_psbC,406,1,T,C,TTT,CTT,F,L,0,Y,N
Km_psbC,415,1,A,G,ACC,GCC,T,A,0,N,N
Km_psbC,449,2,C,T,TCT,TTT,S,F,-2,N,Y
Km_psbC,451,1,T,C,TAT,CCT,Y,P,-3,N,Y
Km_psbC,452,2,A,C,TAT,CCT,Y,P,-3,N,Y
Km_psbC,477,3,T,C,GAT,GAC,D,D,6,N,N
Km_psbC,498,3,T,C,ATT,ATC,I,I,4,Y,N
Km_psbC,504,3,G,A,GGG,GGA,G,G,6,N,N
Km_psbC,548,2,G,C,GGG,GCG,G,A,0,N,N
Km_psbC,564,3,G,C,TTG,TTC,L,F,0,N,N
Km_psbC,579,3,T,C,GAT,GAC,D,D,6,N,N
Km_psbC,582,3,T,C,ACT,ACC,T,T,5,N,N
Km_psbC,617,2,G,C,GGA,GCA,G,A,0,N,N
Km_psbC,628,1,G,A,GTA,ATA,V,I,3,N,N
Km_psbC,650,2,G,A,AGT,AAC,S,N,1,N,N
Km_psbC,651,3,T,C,AGT,AAC,S,N,1,N,Y
Km_psbC,691,1,A,G,ATT,GTC,I,V,3,N,N
Km_psbC,693,3,T,C,ATT,GTC,I,V,3,N,N
Km_psbC,748,1,T,C,TTG,CTG,L,L,4,N,N
Km_psbC,751,1,G,A,GTA,ATA,V,I,3,N,N
Km_psbC,756,3,T,C,TTT,TTC,F,F,6,N,N
Km_psbC,763,1,T,C,TTT,CTT,F,L,0,Y,N
Km_psbC,787,1,G,C,GTT,CTT,V,L,1,N,N
Km_psbC,811,1,T,C,TTT,CTT,F,L,0,Y,Y
Km_psbC,921,3,T,C,TTT,TTC,F,F,6,Y,N
Km_psbC,1020,3,C,T,CCC,CCT,P,P,7,N,N
Km_psbC,1081,1,C,A,CCA,ACA,P,T,-1,N,N
Km_psbC,1165,1,A,C,ATA,CTA,I,L,2,N,N
Km_psbC,1190,2,A,G,AAA,AGA,K,R,2,N,N
Km_psbC,1311,3,T,C,TTT,TTC,F,F,6,Y,Y
Km_psbC,1314,3,T,C,TTT,TTC,F,F,6,Y,Y
Km_psbC,1315,1,T,C,TTT,CTT,F,L,0,Y,Y
Km_psbD,6,3,T,C,TTT,TTC,F,F,6,Y,N
Km_psbD,51,3,T,C,AAT,AAC,N,N,6,N,N
Km_psbD,57,3,T,C,TTT,TTC,F,F,6,Y,N
Km_psbD,108,3,T,C,TTT,TTC,F,F,6,Y,N
Km_psbD,115,1,C,T,CTA,TTA,L,L,4,N,N
Km_psbD,208,1,A,C,ATT,CTT,I,L,2,N,N
Km_psbD,243,3,T,C,TTT,TTC,F,F,6,Y,N
Km_psbD,315,3,T,C,AAT,AAC,N,N,6,Y,Y
Km_psbD,324,3,T,C,TTT,TTC,F,F,6,N,Y
Km_psbD,348,3,C,T,GGC,GGT,G,G,6,N,N
Km_psbD,351,3,C,T,AAC,AAT,N,N,6,N,N
Km_psbE,35,2,C,T,ACC,ATA,T,I,-1,N,N
Km_psbE,36,3,C,A,ACC,ATA,T,I,-1,N,N
Km_psbX,71,2,T,C,TTT,TCT,F,S,-2,N,N
Km_psbX,85,1,A,G,ACG,GCG,T,A,0,N,N
Km_psbX,92,2,C,A,TCA,TAA,S,STOP,0,N,N
Km_rbcL,4,1,T,C,TTA,CTA,L,L,4,N,N
Km_rbcL,24,3,T,C,TTT,TTC,F,F,6,Y,N
Km_rbcL,48,3,T,C,AAT,AAC,N,N,6,N,N
Km_rbcL,81,3,T,C,TTT,TTC,F,F,6,N,Y
Km_rbcL,98,2,A,C,GAG,GCG,E,A,-1,N,N
Km_rbcL,118,1,A,C,AAG,CAG,K,Q,1,N,N
Km_rbcL,145,1,T,C,TTA,CTA,L,L,4,N,N
Km_rbcL,151,1,G,A,GTA,ATA,V,I,3,N,N
Km_rbcL,172,1,A,G,AAC,GAC,N,D,1,N,N
Km_rbcL,190,1,A,G,AAT,GAT,N,D,1,N,N
Km_rbcL,200,2,G,C,GGT,GCT,G,A,0,N,N
Km_rbcL,213,3,A,G,TCA,TCG,S,S,4,N,N
Km_rbcL,214,1,A,G,ATC,GTC,I,V,3,N,N
Km_rbcL,231,3,T,C,GAT,GAC,D,D,6,N,N
Km_rbcL,289,1,G,C,GTT,CTT,V,L,1,N,N
Km_rbcL,292,1,A,C,ATT,CTT,I,L,2,N,N
Km_rbcL,459,3,T,C,TTT,TTC,F,F,6,Y,N
Km_rbcL,462,3,T,C,TAT,TAC,Y,Y,7,N,N
Km_rbcL,487,1,A,G,AGA,GCA,R,A,-1,N,N
Km_rbcL,488,2,G,C,AGA,GCA,R,A,-1,N,N
Km_rbcL,498,3,T,C,TTT,TTC,F,F,6,Y,Y
Km_rbcL,513,3,T,C,TAT,TAC,Y,Y,7,Y,Y
Km_rbcL,525,3,A,C,GAA,GAC,E,D,2,N,N
Km_rbcL,547,1,A,G,ATA,GTA,I,V,3,N,N
Km_rbcL,591,3,T,C,TTT,TTC,F,F,6,Y,Y
Km_rbcL,598,1,C,T,CAT,TAT,H,Y,2,N,N
Km_rbcL,630,3,T,C,TTT,TTC,F,F,6,N,N
Km_rbcL,725,2,A,G,CAA,CGA,Q,R,1,N,N
Km_rbcL,741,3,G,C,AAG,AAC,K,N,0,N,N
Km_rbcL,751,1,G,A,GGT,AGT,G,S,0,N,N
Km_rbcL,856,1,A,C,AAA,CAA,K,Q,1,N,N
Km_rbcL,867,3,T,C,CGT,CGC,R,R,5,N,N
Km_rbcL,883,1,A,G,ATC,GTC,I,V,3,N,N
Km_rbcL,892,1,A,G,AGA,GCA,R,A,-1,N,N
Km_rbcL,893,2,G,C,AGA,GCA,R,A,-1,N,N
Km_rbcL,896,2,A,G,AAC,AGC,N,S,1,N,N
Km_rbcL,901,1,A,G,AAA,GCA,K,A,-1,N,N
Km_rbcL,902,2,A,C,AAA,GCA,K,A,-1,N,N
Km_rbcL,905,2,G,C,GGT,GCT,G,A,0,N,N
Km_rbcL,913,1,G,A,GCG,ATG,A,M,-1,N,N
Km_rbcL,914,2,C,T,GCG,ATG,A,M,-1,N,N
Km_rbcL,919,1,A,G,ACA,GCA,T,A,0,N,N
Km_rbcL,926,2,G,C,AGA,ACA,R,T,-1,N,N
Km_rbcL,941,2,A,G,GAC,GGC,D,G,-1,N,N
Km_rbcL,944,2,A,G,GAG,GGG,E,G,-2,N,N
Km_rbcL,946,1,A,G,ACA,GCG,T,A,0,N,N
Km_rbcL,948,3,A,G,ACA,GCG,T,A,0,N,N
Km_rbcL,949,1,A,G,ACA,GCA,T,A,0,N,N
Km_rbcL,952,1,A,G,ACA,GCA,T,A,0,N,N
Km_rbcL,970,1,G,A,GAT,AGT,D,S,0,N,N
Km_rbcL,971,2,A,G,GAT,AGT,D,S,0,N,N
Km_rpl16,22,1,C,A,CCG,ACG,P,T,-1,N,N
Km_rpl16,134,2,A,G,AAA,AGA,K,R,2,N,N
Km_rpl16,137,2,T,C,GTA,GCA,V,A,0,N,N
Km_rpl16,247,1,T,C,TCG,CCG,S,P,-1,N,N
Km_rpl16,265,1,A,G,ACA,GCA,T,A,0,N,N
Km_rpl22,8,2,T,C,TTT,TCT,F,S,-2,Y,Y
Km_rpl22,12,3,T,C,TCT,TCC,S,S,4,N,Y
Km_rpl22,14,2,T,C,ATC,ACC,I,T,-1,N,Y
Km_rpl22,17,2,T,C,ATA,ACA,I,T,-1,N,N
Km_rpl22,24,3,T,C,AAT,AAC,N,N,6,N,N
Km_rpl22,46,1,T,C,TGT,CGT,C,R,-3,N,N
Km_rpl22,50,2,T,C,CTA,CCA,L,P,-3,N,N
Km_rpl22,61,1,G,A,GCG,ACG,A,T,0,N,N
Km_rpl22,68,2,T,C,ATC,ACC,I,T,-1,N,N
Km_rpl22,71,2,T,C,CTA,CCG,L,P,-3,N,N
Km_rpl22,72,3,A,G,CTA,CCG,L,P,-3,N,N
Km_rpl22,74,2,A,C,TAT,TCT,Y,S,-2,N,N
Km_rpl22,85,1,A,G,ATT,GTT,I,V,3,N,N
Km_rpl22,94,1,A,G,AGT,GCT,S,A,1,N,N
Km_rpl22,95,2,G,C,AGT,GCT,S,A,1,N,N
Km_rpl22,98,2,G,C,AGA,ACA,R,T,-1,N,N
Km_rpl22,113,2,A,G,AAA,AGA,K,R,2,N,N
Km_rpl22,121,1,T,C,TCA,CCA,S,P,-1,N,N
Km_rpl22,132,3,T,C,CTT,CTC,L,L,4,N,N
Km_rpl22,133,1,T,C,TGC,CGC,C,R,-3,N,N
Km_rpl22,139,1,A,G,ATC,GTC,I,V,3,N,N
Km_rpl22,162,3,C,A,TTC,TTA,F,L,0,N,N
Km_rpl22,173,2,G,A,GGC,GAC,G,D,-1,N,N
Km_rpl22,184,1,G,A,GTC,ATC,V,I,3,N,N
Km_rpl22,227,2,A,C,AAA,ACA,K,T,-1,N,Y
Km_rpl2,4,1,G,C,GTA,CTA,V,L,1,N,N
Km_rpl2,13,1,A,G,AAC,GAC,N,D,1,N,N
Km_rpl2,17,2,A,G,TAT,TGT,Y,C,-2,N,N
Km_rpl2,31,1,T,C,TGT,CGT,C,R,-3,N,N
Km_rpl2,34,1,T,C,TCA,CCA,S,P,-1,N,N
Km_rpl2,44,2,A,G,AAT,AGT,N,S,1,N,N
Km_rpl2,50,2,T,C,ATC,ACC,I,T,-1,N,N
Km_rpl2,58,1,T,C,TAT,CGT,Y,R,-2,N,N
Km_rpl2,59,2,A,G,TAT,CGT,Y,R,-2,N,N
Km_rpl2,63,3,T,C,AGT,AGC,S,S,4,N,N
Km_rpl2,65,2,G,A,AGT,AAT,S,N,1,N,N
Km_rpl2,68,2,A,C,AAT,ACT,N,T,0,N,N
Km_rpl2,84,3,T,C,AGT,AGC,S,S,4,N,N
Km_rpl2,86,2,A,G,CAA,CGA,Q,R,1,N,N
Km_rpl2,106,1,A,G,AGT,GGT,S,G,0,N,N
Km_rpl2,118,1,A,G,AGA,GGA,R,G,-2,N,N
Km_rpl2,122,2,T,C,GTT,GCT,V,A,0,N,N
Km_rpl2,125,2,A,G,AAG,AGG,K,R,2,N,N
Km_rpl2,140,2,C,T,ACT,ATT,T,I,-1,N,N
Km_rpl2,142,1,A,G,ATA,GTA,I,V,3,N,N
Km_rpl2,161,2,T,C,ATC,ACC,I,T,-1,N,N
Km_rpl2,185,2,T,C,TTA,TCA,L,S,-2,N,N
Km_rpl2,200,2,T,C,TTT,TCT,F,S,-2,N,N
Km_rpl2,206,2,T,C,CTA,CCA,L,P,-3,N,N
Km_rpl2,208,1,G,A,GGA,AAA,G,K,-2,N,N
Km_rpl2,209,2,G,A,GGA,AAA,G,K,-2,N,N
Km_rpl2,215,2,C,T,TCA,TTA,S,L,-2,N,N
Km_rpl2,230,2,A,C,AAG,ACG,K,T,-1,N,N
Km_rpl2,233,2,A,G,AAT,AGT,N,S,1,N,N
Km_rpl2,247,1,T,C,TCT,CCT,S,P,-1,N,Y
Km_rpl2,250,1,T,C,TGT,CGC,C,R,-3,N,Y
Km_rpl2,252,3,T,C,TGT,CGC,C,R,-3,N,Y
Km_rpl2,253,1,T,C,TGT,CGC,C,R,-3,N,Y
Km_rpl2,255,3,T,C,TGT,CGC,C,R,-3,N,Y
Km_rpl2,259,1,A,G,ATG,GCG,M,A,-1,N,N
Km_rpl2,260,2,T,C,ATG,GCG,M,A,-1,N,N
Km_rpl2,264,3,G,C,AAG,AAC,K,N,0,N,N
Km_rpl2,284,2,G,A,AGG,AAG,R,K,2,N,N
Km_rpl2,286,1,A,G,AAT,GAT,N,D,1,N,N
Km_rpl2,311,2,T,C,GTA,GCA,V,A,0,N,N
Km_rpl2,332,2,A,G,GAT,GGT,D,G,-1,N,Y
Km_rpl2,335,2,T,C,TTA,TCA,L,S,-2,N,Y
Km_rpl2,338,2,T,C,TTT,TCT,F,S,-2,N,Y
Km_rpl2,340,1,A,G,ATA,GTA,I,V,3,N,Y
Km_rpl2,348,3,T,C,GTT,GTC,V,V,4,N,N
Km_rpl2,352,1,T,C,TCT,CCT,S,P,-1,N,N
Km_rpl2,385,1,G,C,GCT,CCT,A,P,-1,N,N
Km_rpl2,434,2,A,C,AAG,ACG,K,T,-1,N,N
Km_rpl2,438,3,T,C,CCT,CCC,P,P,7,N,N
Km_rpl2,443,2,T,C,GTT,GCT,V,A,0,N,N
Km_rpl2,500,2,T,C,TTT,TCT,F,S,-2,N,N
Km_rpl2,502,1,G,C,GGA,CGA,G,R,-2,N,N
Km_rpl2,535,1,A,G,ATC,GTC,I,V,3,N,N
Km_rpl2,554,2,A,G,AAT,AGT,N,S,1,N,N
Km_rpl2,561,3,A,C,AAA,AAC,K,N,0,N,N
Km_rpl2,562,1,A,G,ACA,GCA,T,A,0,N,N
Km_rpl2,581,2,A,C,TAT,TCT,Y,S,-2,N,Y
Km_rpl2,589,1,A,G,ATG,GCG,M,A,-1,N,N
Km_rpl2,590,2,T,C,ATG,GCG,M,A,-1,N,N
Km_rpl2,607,1,A,C,ATG,CTG,M,L,2,N,N
Km_rpl2,623,2,A,G,AAA,AGA,K,R,2,N,N
Km_rpl2,646,1,G,C,GCT,CCT,A,P,-1,N,N
Km_rpoC1,6,3,A,G,CAA,CAG,Q,Q,5,N,N
Km_rpoC1,39,3,T,C,GGT,GGC,G,G,6,N,N
Km_rpoC1,42,3,A,G,CCA,CCG,P,P,7,N,N
Km_rpoC1,52,1,A,C,AGT,CGT,S,R,-1,N,N
Km_rpoC1,57,3,A,C,AAA,AAC,K,N,0,N,N
Km_rpoC1,61,1,A,G,AGT,GGT,S,G,0,N,N
Km_rpoC1,155,2,G,C,GGT,GCT,G,A,0,N,N
Km_rpoC1,259,1,A,G,ATA,GTA,I,V,3,N,N
Km_rpoC1,274,1,A,G,ACT,GCT,T,A,0,N,N
Km_rpoC1,346,1,A,G,ATT,GTT,I,V,3,N,N
Km_rpoC1,384,3,T,C,ACT,ACC,T,T,5,N,N
Km_rpoC1,527,2,T,C,GTA,GCA,V,A,0,N,N
Km_rpoC1,574,1,T,C,TCG,CCG,S,P,-1,N,N
Km_rpoC1,698,2,T,C,ATT,ACT,I,T,-1,N,N
Km_rpoC1,750,3,T,C,TTT,TTC,F,F,6,N,N
Km_rpoC1,761,2,A,C,TAT,TCT,Y,S,-2,N,N
Km_rpoC1,764,2,G,C,GGT,GCT,G,A,0,N,N
Km_rpoC1,778,1,A,C,ATA,CTA,I,L,2,N,N
Km_rpoC1,787,1,A,C,ATA,CTG,I,L,2,N,N
Km_rpoC1,789,3,A,G,ATA,CTG,I,L,2,N,N
Km_rpoC1,793,1,A,G,ATT,GCT,I,A,-1,N,N
Km_rpoC1,794,2,T,C,ATT,GCT,I,A,-1,N,N
Km_rpoC1,800,2,A,C,CAT,CCT,H,P,-2,N,N
Km_rpoC1,802,1,A,G,AGA,GGA,R,G,-2,N,N
Km_rpoC1,895,1,G,C,GTA,CTA,V,L,1,N,N
Km_rps11,16,1,T,C,TTG,CCG,L,P,-3,N,N
Km_rps11,17,2,T,C,TTG,CCG,L,P,-3,N,N
Km_rps11,20,2,T,C,ATA,ACA,I,T,-1,N,N
Km_rps11,23,2,T,C,TTT,TCC,F,S,-2,N,N
Km_rps11,24,3,T,C,TTT,TCC,F,S,-2,N,N
Km_rps11,44,2,T,C,ATA,ACA,I,T,-1,N,N
Km_rps11,46,1,A,G,AAT,GAT,N,D,1,N,N
Km_rps11,49,1,T,C,TTC,CTC,F,L,0,N,N
Km_rps11,56,2,T,C,TTA,TCA,L,S,-2,N,N
Km_rps11,86,2,A,C,AAA,ACA,K,T,-1,N,N
Km_rps11,125,2,C,T,TCA,TTA,S,L,-2,N,N
Km_rps11,146,2,G,A,AGG,AAG,R,K,2,N,N
Km_rps11,158,2,G,A,CGA,CAA,R,Q,1,N,N
Km_rps11,161,2,G,A,CGT,CAT,R,H,0,N,N
Km_rps11,164,2,T,C,TTA,TCA,L,S,-2,N,N
Km_rps11,175,1,A,G,AAG,GAG,K,E,1,N,N
Km_rps11,184,1,A,G,AAA,GAA,K,E,1,N,N
Km_rps11,187,1,A,G,AGA,GGA,R,G,-2,N,N
Km_rps11,191,2,A,G,CAT,CGT,H,R,0,N,N
Km_rps11,193,1,A,G,AAA,GAA,K,E,1,N,N
Km_rps11,196,1,A,G,AGA,GGA,R,G,-2,N,N
Km_rps11,199,1,A,G,AGA,GGA,R,G,-2,N,N
Km_rps11,208,1,A,G,AAA,GAA,K,E,1,N,N
Km_rps11,273,3,T,C,AGT,AGC,S,S,4,N,N
Km_rps11,338,2,T,C,TTA,TCA,L,S,-2,N,Y
Km_rps11,365,2,T,C,ATG,ACC,M,T,-1,N,N
Km_rps11,366,3,G,C,ATG,ACC,M,T,-1,N,N
Km_rps11,404,2,A,G,GAA,GGA,E,G,-2,N,N
Km_rps11,409,1,A,G,ACA,GCA,T,A,0,N,N
Km_rps11,416,2,A,C,AAA,ACA,K,T,-1,N,N
Km_rps11,524,2,G,A,AGG,AAG,R,K,2,N,N
Km_rps11,697,1,A,C,AAG,CAG,K,Q,1,N,N
Km_rps12,17,2,T,C,TTT,TCT,F,S,-2,Y,N
Km_rps12,31,1,A,G,ATC,GTC,I,V,3,N,N
Km_rps12,54,3,C,A,TCC,TCA,S,S,4,N,N
Km_rps12,76,1,T,A,TTT,ATT,F,I,0,Y,N
Km_rps12,88,1,A,G,AGT,GGT,S,G,0,N,N
Km_rps12,95,2,T,C,TTT,TCT,F,S,-2,Y,N
Km_rps12,97,1,G,C,GTA,CTA,V,L,1,N,N
Km_rps12,107,2,C,A,CCT,CAT,P,H,-2,N,N
Km_rps12,110,2,G,C,TGT,TCT,C,S,-1,N,N
Km_rps12,115,1,A,G,ATA,GTA,I,V,3,N,N
Km_rps12,119,2,T,C,ATA,ACG,I,T,-1,N,N
Km_rps12,120,3,A,G,ATA,ACG,I,T,-1,N,N
Km_rps12,169,1,G,A,GTT,ATT,V,I,3,N,N
Km_rps12,202,1,A,G,AAT,GAT,N,D,1,N,N
Km_rps12,228,3,T,C,TAT,TAC,Y,Y,7,N,N
Km_rps12,244,1,T,C,TTC,CTC,F,L,0,N,N
Km_rps12,248,2,T,C,GTT,GCT,V,A,0,N,N
Km_rps13,19,1,A,G,AAA,GAA,K,E,1,N,N
Km_rps13,58,1,A,G,ACC,GCC,T,A,0,N,N
Km_rps13,112,1,A,C,AAA,CAA,K,Q,1,N,N
Km_rps13,139,1,A,G,AGA,GGA,R,G,-2,N,N
Km_rps13,152,2,A,C,AAA,ACA,K,T,-1,N,N
Km_rps19,57,3,T,C,GGT,GGC,G,G,6,N,N
Km_rps19,83,2,A,G,CAA,CGA,Q,R,1,N,N
Km_rps19,103,1,A,G,ACA,GCA,T,A,0,N,N
Km_rps19,111,3,T,C,GCT,GCC,A,A,4,N,N
Km_rps3,13,1,G,C,GGT,CGT,G,R,-2,N,N
Km_rps3,61,1,A,G,ATG,GCG,M,A,-1,N,N
Km_rps3,62,2,T,C,ATG,GCG,M,A,-1,N,N
Km_rps3,65,2,G,A,CGA,CAA,R,Q,1,N,N
Km_rps3,73,1,A,G,AAA,GAA,K,E,1,N,N
Km_rps3,77,2,A,G,CAT,CGT,H,R,0,N,N
Km_rps3,81,3,T,C,GAT,GAC,D,D,6,N,N
Km_rps3,89,2,C,T,ACT,ATT,T,I,-1,N,N
Km_rps3,104,2,G,A,AGA,AAG,R,K,2,N,N
Km_rps3,105,3,A,G,AGA,AAG,R,K,2,N,N
Km_rps3,106,1,G,A,GAA,AAA,E,K,1,N,N
Km_rps3,127,1,A,G,AGT,GGT,S,G,0,N,N
Km_rps3,132,3,A,C,AAA,AAC,K,N,0,N,N
Km_rps3,161,2,T,C,ATG,ACG,M,T,-1,N,N
Km_rps3,172,1,A,G,AAA,GAA,K,E,1,N,N
Km_rps3,175,1,A,G,ACA,GCA,T,A,0,N,N
Km_rps3,206,2,T,C,GTA,GCA,V,A,0,N,N
Km_rps3,226,1,A,G,ATT,GTT,I,V,3,N,N
Km_rps3,236,2,G,A,AGA,AAC,R,N,0,N,N
Km_rps3,237,3,A,C,AGA,AAC,R,N,0,N,N
Km_rps3,248,2,A,C,AAA,ACC,K,T,-1,N,N
Km_rps3,249,3,A,C,AAA,ACC,K,T,-1,N,N
Km_rps3,264,3,A,C,AAA,AAC,K,N,0,N,N
Km_rps3,268,1,A,G,AAA,GAA,K,E,1,N,N
Km_rps3,271,1,A,G,AAA,GAA,K,E,1,N,N
Km_rps3,283,1,T,C,TCA,CCA,S,P,-1,N,N
Km_rps3,287,2,T,C,ATT,ACT,I,T,-1,N,N
Km_rps3,290,2,G,A,CGG,CAG,R,Q,1,N,N
Km_rps3,357,3,G,C,ATG,ATC,M,I,1,N,N
Km_rps3,361,1,T,C,TGT,CGT,C,R,-3,N,N
Km_rps3,364,1,A,G,ATG,GCG,M,A,-1,N,N
Km_rps3,365,2,T,C,ATG,GCG,M,A,-1,N,N
Km_rps3,367,1,A,G,ACG,GCG,T,A,0,N,N
Km_rps3,379,1,A,C,AAA,CAA,K,Q,1,N,N
Km_rps3,388,1,A,C,ATA,CTA,I,L,2,N,N
Km_rps3,407,2,G,A,AGT,AAT,S,N,1,N,N
Km_rps3,463,1,A,G,ATT,GTT,I,V,3,N,N
Km_rps3,488,2,A,G,AAA,AGA,K,R,2,N,N
Km_rps3,514,1,A,G,ATA,GTA,I,V,3,N,N
Km_rps7,58,1,A,C,ACT,CCT,T,P,-1,N,N
Km_rps7,71,2,A,G,AAT,AGT,N,S,1,N,N
Km_rps7,137,2,T,C,GTA,GCA,V,A,0,N,N
Km_rps7,167,2,T,C,TTT,TCT,F,S,-2,N,N
Km_rps7,173,2,T,C,ATT,ACT,I,T,-1,N,N
Km_rps7,176,2,A,G,GAC,GGC,D,G,-1,N,N
Km_rps7,192,3,G,A,ACG,ACA,T,T,5,N,N
Km_rps7,194,2,A,G,GAT,GGT,D,G,-1,N,N
Km_rps7,203,2,A,G,GAA,GGA,E,G,-2,N,N
Km_rps7,205,1,T,C,TTT,CTT,F,L,0,N,N
Km_rps7,220,1,A,G,ATT,GTT,I,V,3,N,N
Km_rps7,223,1,A,G,AAT,GAT,N,D,1,N,N
Km_rps7,229,1,A,G,AAA,GAA,K,E,1,N,N
Km_rps7,242,2,T,C,TTG,TCG,L,S,-2,N,N
Km_rps7,256,1,A,G,AAG,GAG,K,E,1,N,N
Km_rps7,259,1,A,G,AAA,GGA,K,G,-2,N,N
Km_rps7,260,2,A,G,AAA,GGA,K,G,-2,N,N
Km_rps7,263,2,T,C,GTA,GCA,V,A,0,N,N
Km_rps7,265,1,A,G,AAA,GAA,K,E,1,N,N
Km_rps7,272,2,T,C,TTA,TCA,L,S,-2,N,N
Km_rps7,280,1,A,G,AAA,GAA,K,E,1,N,N
Km_rps7,304,1,T,C,TCG,CCG,S,P,-1,N,N
Km_rps7,307,1,A,G,AAG,GAG,K,E,1,N,N
Km_rps7,314,2,A,G,GAA,GGA,E,G,-2,N,N
Km_rps7,347,2,T,C,ATC,ACC,I,T,-1,N,N
Km_rps7,350,2,A,G,GAT,GGT,D,G,-1,N,N
Km_rps7,401,2,A,G,AAA,AGA,K,R,2,N,N
Km_rps7,461,2,G,C,AGC,ACC,S,T,1,N,N
Km_rps7,481,1,A,G,ACT,GCT,T,A,0,N,N
Km_rps7,490,1,A,G,AGA,GGA,R,G,-2,N,N
Km_rps7,494,2,T,C,TTG,TCG,L,S,-2,N,N
Km_rps7,496,1,G,A,GTG,ATG,V,M,1,N,N
Km_rps7,544,1,A,C,AAA,CAA,K,Q,1,N,N
Km_rps7,548,2,G,C,GGT,GCT,G,A,0,N,N
Km_rps7,560,2,G,A,AGA,AAA,R,K,2,N,N
Km_rps7,566,2,G,C,CGA,CCA,R,P,-2,N,N
Km_rps7,596,2,A,G,AAA,AGA,K,R,2,N,N
Km_rps7,608,2,T,C,ATT,ACG,I,T,-1,N,N
Km_rps7,609,3,T,G,ATT,ACG,I,T,-1,N,N
Km_rps7,625,1,G,C,GCA,CCA,A,P,-1,N,N
Km_secA,2,2,A,G,AAT,AGT,N,S,1,N,N
Km_secA,49,1,A,G,ATT,GTT,I,V,3,N,N
Km_secA,104,2,A,G,AAG,AGG,K,R,2,N,Y
Km_secA,112,1,A,G,ATG,GTG,M,V,1,N,Y
Km_secA,130,1,G,C,GTT,CTT,V,L,1,N,N
Km_secA,153,3,A,C,GAA,GAC,E,D,2,N,N
Km_secA,175,1,A,G,ATA,GTA,I,V,3,N,N
Km_secA,214,1,A,G,AAA,GAA,K,E,1,N,N
Km_secA,224,2,T,C,ATT,ACT,I,T,-1,N,N
Km_secA,235,1,T,C,TGT,CGT,C,R,-3,N,N
Km_secA,260,2,T,C,TTA,TCA,L,S,-2,N,Y
Km_secA,283,1,T,C,TTT,CTT,F,L,0,Y,N
Km_secA,320,2,T,C,ATT,ACT,I,T,-1,N,N
Km_secA,322,1,T,C,TGG,CGG,W,R,-3,N,N
Km_secA,332,2,A,G,CAG,CGG,Q,R,1,N,N
Km_secA,379,1,A,G,AAT,GAT,N,D,1,N,N
Km_secA,542,2,T,C,TTC,TCC,F,S,-2,N,N
Km_secA,638,2,A,C,AAG,ACG,K,T,-1,N,N
Km_secA,644,2,G,C,TGT,TCT,C,S,-1,N,N
Km_secA,667,1,T,C,TTT,CTT,F,L,0,Y,N
Km_secA,704,2,A,G,CAA,CGA,Q,R,1,N,N
Km_secA,835,1,G,C,GAA,CAA,E,Q,2,N,N
Km_secA,863,2,T,C,ATA,ACA,I,T,-1,N,N
Km_secA,872,2,T,C,ATA,ACA,I,T,-1,N,N
Km_secA,874,1,A,G,ATA,GTA,I,V,3,N,N
Km_secA,877,1,T,C,TCA,CCA,S,P,-1,N,N
Km_secY,26,2,T,C,ATG,ACG,M,T,-1,N,N
Km_secY,28,1,A,G,ATC,GTC,I,V,3,N,N
Km_secY,47,2,A,C,TAT,TCT,Y,S,-2,N,Y
Km_secY,112,1,T,C,TAT,CGT,Y,R,-2,N,N
Km_secY,113,2,A,G,TAT,CGT,Y,R,-2,N,N
Km_secY,148,1,A,C,ATA,CTA,I,L,2,N,N
Km_secY,206,2,T,C,TTA,TCA,L,S,-2,N,N
Km_secY,215,2,G,A,AGA,AAA,R,K,2,N,N
Km_secY,218,2,T,C,TTG,TCG,L,S,-2,N,N
Km_secY,234,3,A,C,AAA,AAC,K,N,0,N,N
Km_secY,235,1,A,C,AAA,CAA,K,Q,1,N,N
Km_secY,256,1,A,G,ACC,GCC,T,A,0,N,N
Km_secY,260,2,C,T,ACT,ATT,T,I,-1,N,N
Km_secY,286,1,T,C,TTT,CTT,F,L,0,N,N
Km_secY,289,1,A,G,ATA,GTA,I,V,3,N,N
Km_secY,317,2,A,G,AAA,AGA,K,R,2,N,N
Km_secY,323,2,G,C,TGT,TCT,C,S,-1,N,Y
Km_secY,347,2,A,C,AAA,ACA,K,T,-1,N,N
Km_secY,349,1,T,C,TTG,CTG,L,L,4,N,N
Km_secY,353,2,T,C,CTC,CCC,L,P,-3,N,N
Km_secY,355,1,A,G,ATA,GCG,I,A,-1,N,N
Km_secY,356,2,T,C,ATA,GCG,I,A,-1,N,N
Km_secY,357,3,A,G,ATA,GCG,I,A,-1,N,N
Km_secY,358,1,A,G,AAA,GAA,K,E,1,N,N
Km_secY,378,3,A,C,GAA,GAC,E,D,2,N,N
Km_secY,379,1,A,C,ATC,CTC,I,L,2,N,N
Km_secY,382,1,A,C,ATT,CTT,I,L,2,N,N
Km_secY,451,1,A,G,ACT,GCT,T,A,0,N,N
Km_secY,454,1,A,G,AAA,GGA,K,G,-2,N,N
Km_secY,455,2,A,G,AAA,GGA,K,G,-2,N,N
Km_secY,484,1,A,G,ACT,GCT,T,A,0,N,N
Km_secY,494,2,A,G,AAC,AGC,N,S,1,N,N
Km_secY,496,1,A,G,ACT,GCT,T,A,0,N,N
Km_secY,518,2,T,C,TTA,TCA,L,S,-2,N,Y
Km_secY,587,2,A,G,AAC,AGC,N,S,1,N,N
Km_secY,665,2,T,C,ATA,ACA,I,T,-1,N,N
Km_secY,670,1,A,G,AAA,GAA,K,E,1,N,N
Km_secY,700,1,A,G,AAA,GAA,K,E,1,N,N
Km_secY,805,1,A,C,ATT,CTT,I,L,2,N,N
Km_secY,817,1,G,A,GTT,ATT,V,I,3,N,Y
Km_ycf39,7,1,T,C,TAA,CGG,STOP,R,0,N,N
Km_ycf39,8,2,A,G,TAA,CGG,STOP,R,0,N,N
Km_ycf39,9,3,A,G,TAA,CGG,STOP,R,0,N,N
Km_ycf39,10,1,A,G,AAA,GAC,K,D,-1,N,N
Km_ycf39,12,3,A,C,AAA,GAC,K,D,-1,N,N
Km_ycf39,13,1,A,C,ATA,CTA,I,L,2,N,N
Km_ycf39,19,1,A,G,ATT,GTT,I,V,3,N,N
Km_ycf39,25,1,T,C,TTT,CTT,F,L,0,N,Y
Km_ycf39,37,1,A,G,AAT,GAT,N,D,1,N,N
Km_ycf39,44,2,T,C,TTC,TCC,F,S,-2,N,N
Km_ycf39,46,1,T,C,TGT,CGT,C,R,-3,N,N
Km_ycf39,64,1,T,C,TTT,CCT,F,P,-4,Y,Y
Km_ycf39,65,2,T,C,TTT,CCT,F,P,-4,Y,Y
Km_ycf39,68,2,T,C,GTT,GCT,V,A,0,Y,Y
Km_ycf39,70,1,T,C,TTT,CTT,F,L,0,Y,Y
Km_ycf39,84,3,T,C,GAT,GAC,D,D,6,N,N
Km_ycf39,113,2,T,C,CTA,CCA,L,P,-3,N,N
Km_ycf39,115,1,G,A,GTT,ACT,V,T,0,N,N
Km_ycf39,116,2,T,C,GTT,ACT,V,T,0,N,N
Km_ycf39,118,1,A,G,AAT,GAT,N,D,1,N,N
Km_ycf39,130,1,G,A,GCT,ACT,A,T,0,N,N
Km_ycf39,149,2,T,C,ATT,ACT,I,T,-1,Y,N
Km_ycf39,166,1,A,C,ACT,CCT,T,P,-1,N,N
Km_ycf39,172,1,A,C,AAA,CAA,K,Q,1,N,N
Km_ycf39,217,1,A,G,ATT,GTT,I,V,3,N,Y
Km_ycf39,235,1,G,A,GCC,ACC,A,T,0,N,N
Km_ycf39,239,2,T,C,ATA,ACA,I,T,-1,N,Y
Km_ycf39,248,2,A,C,TAT,TCT,Y,S,-2,N,Y
Km_ycf39,260,2,A,C,TAC,TCC,Y,S,-2,N,N
Km_ycf39,280,1,A,G,AAA,GAA,K,E,1,N,N
Km_ycf39,286,1,G,C,GGA,CGA,G,R,-2,N,N
Km_ycf39,294,3,A,C,AAA,AAC,K,N,0,N,N
Km_ycf39,337,1,A,G,AAC,GAC,N,D,1,N,N
Km_ycf39,349,1,G,C,GTC,CTC,V,L,1,N,N
Km_ycf39,373,1,A,G,ATT,GTT,I,V,3,N,N
Km_ycf39,397,1,A,G,AAT,GAT,N,D,1,N,N
Km_ycf39,403,1,T,C,TTA,CCG,L,P,-3,N,N
Km_ycf39,404,2,T,C,TTA,CCG,L,P,-3,N,N
Km_ycf39,405,3,A,G,TTA,CCG,L,P,-3,N,N
Km_ycf39,407,2,A,G,CAT,CGT,H,R,0,N,N
Km_ycf39,424,1,T,C,TGG,CGG,W,R,-3,N,N
Km_ycf39,427,1,A,G,AAA,GAC,K,D,-1,N,N
Km_ycf39,429,3,A,C,AAA,GAC,K,D,-1,N,N
Km_ycf39,430,1,T,C,TTT,CTT,F,L,0,N,N
Km_ycf39,437,2,G,C,AGA,ACA,R,T,-1,N,N
Km_ycf39,439,1,A,G,ATT,GCT,I,A,-1,N,N
Km_ycf39,440,2,T,C,ATT,GCT,I,A,-1,N,N
Km_ycf39,469,1,A,G,ATT,GCT,I,A,-1,N,N
Km_ycf39,470,2,T,C,ATT,GCT,I,A,-1,N,N
Km_ycf39,509,2,A,G,CAT,CGT,H,R,0,N,N
Km_ycf39,515,2,T,C,TTG,TCG,L,S,-2,N,N
Km_ycf39,517,1,A,G,AAA,GAA,K,E,1,N,N
Km_ycf39,542,2,T,C,ATT,ACT,I,T,-1,Y,Y
Km_ycf39,557,2,T,C,GTA,GCA,V,A,0,N,N
Km_ycf39,565,1,A,G,ATA,GTA,I,V,3,N,N
Km_ycf39,578,2,G,C,AGC,ACC,S,T,1,N,N
Km_ycf39,583,1,A,G,ATT,GTT,I,V,3,N,Y
Km_ycf39,590,2,A,C,TAC,TCC,Y,S,-2,N,Y
Km_ycf39,613,1,A,C,ATT,CTT,I,L,2,N,N
Km_ycf39,623,2,C,T,TCT,TTT,S,F,-2,N,N
Km_ycf39,632,2,G,C,AGT,ACT,S,T,1,N,N
Km_ycf39,652,1,G,A,GTA,ATA,V,I,3,N,N
Km_ycf39,664,1,A,G,AAG,GAG,K,E,1,N,N
Km_ycf39,671,2,T,C,CTG,CCG,L,P,-3,N,N
Km_ycf39,680,2,T,C,ATA,ACA,I,T,-1,N,N
Km_ycf39,683,2,T,C,CTG,CCG,L,P,-3,N,N
Km_ycf39,695,2,T,C,CTT,CCT,L,P,-3,N,N
Km_ycf39,703,1,T,C,TGC,CGC,C,R,-3,N,N
Km_ycf39,706,1,G,A,GCG,ACG,A,T,0,N,N
Km_ycf39,731,2,A,C,TAC,TCC,Y,S,-2,N,N
Km_ycf39,734,2,G,C,AGA,ACA,R,T,-1,N,N
Km_ycf39,757,1,A,G,AAA,GAA,K,E,1,N,N
Km_ycf39,779,2,T,C,TTT,TCT,F,S,-2,Y,N
Km_ycf39,781,1,A,G,ATA,GTA,I,V,3,N,N
Km_ycf39,793,1,A,G,AAT,GAT,N,D,1,N,N
Km_ycf4,4,1,A,G,AGA,GGA,R,G,-2,N,N
Km_ycf4,11,2,T,C,ATC,ACC,I,T,-1,N,N
Km_ycf4,31,1,T,C,TAC,CAC,Y,H,2,N,Y
Km_ycf4,83,2,A,C,TAT,TCT,Y,S,-2,N,N
Km_ycf4,95,2,T,C,GTT,GCT,V,A,0,N,N
Km_ycf4,100,1,A,G,AAA,GAA,K,E,1,N,N
Km_ycf4,127,1,A,G,AAT,GAT,N,D,1,N,N
Km_ycf4,155,2,A,G,CAC,CGC,H,R,0,N,N
Km_ycf4,173,2,T,C,TTA,TCA,L,S,-2,N,N
Km_ycf4,197,2,T,C,ATT,ACC,I,T,-1,N,N
Km_ycf4,198,3,T,C,ATT,ACC,I,T,-1,N,N
Km_ycf4,201,3,T,C,CTT,CTC,L,L,4,N,N
Km_ycf4,202,1,G,A,GTG,ACG,V,T,0,N,N
Km_ycf4,203,2,T,C,GTG,ACG,V,T,0,N,N
Km_ycf4,242,2,T,C,GTT,GCT,V,A,0,N,N
