,alignment position,genomic position,edited or not,positional entropy,average score difference
Kv_atpA,285,264,0,1.00,0
Kv_atpA,286,265,0,0.78,0
Kv_atpA,287,266,0,0.92,0
Kv_atpA,288,267,0,1.00,0
Kv_atpA,289,268,0,1.00,0
Kv_atpA,290,269,0,0.82,0
Kv_atpA,291,270,0,0.92,0
Kv_atpA,292,271,0,0.95,0
Kv_atpA,293,272,0,1.00,0
Kv_atpA,294,273,1,0.77,-3.60
Kv_atpA,295,274,0,0.95,0
Kv_atpA,296,275,1,0.95,3.70
Kv_atpA,297,276,0,0.77,0
Kv_atpA,298,277,0,0.75,0
Kv_atpA,299,278,0,1.00,0
Kv_atpA,300,279,0,1.00,0
Kv_atpA,301,280,0,0.79,0
Kv_atpA,302,281,0,0.95,0
Kv_atpA,303,282,0,1.00,0
Kv_atpA,304,283,0,1.00,0
Kv_atpA,305,284,0,0.46,0
Kv_atpA,307,285,1,0.87,6.03
Kv_atpA,308,286,0,0.62,0
Kv_atpA,309,287,0,0.71,0
Kv_atpA,310,288,1,0.95,4.83
Kv_atpA,311,289,0,0.90,0
Kv_atpA,312,290,1,0.67,-3.53
Kv_atpA,313,291,0,0.76,0
Kv_atpA,314,292,0,1.00,0
Kv_atpA,315,293,0,1.00,0
Kv_atpA,316,294,0,1.00,0
Kv_atpA,317,295,0,1.00,0
Kv_atpA,318,296,0,0.73,0
Kv_atpA,319,297,0,1.00,0
Kv_atpA,320,298,0,1.00,0
Kv_atpA,321,299,0,1.00,0
Kv_atpA,322,300,0,0.67,0
Kv_atpA,323,301,0,1.00,0
Kv_atpA,324,302,0,1.00,0
Kv_atpA,325,303,0,1.00,0
Kv_atpA,326,304,0,0.87,0
Kv_atpA,327,305,0,0.92,0
Kv_atpA,328,306,0,1.00,0
Kv_atpA,329,307,0,1.00,0
Kv_atpA,330,308,0,0.95,0
Kv_atpA,331,309,0,1.00,0
Kv_atpA,332,310,0,0.92,0
Kv_atpA,333,311,1,1.00,7.00
Kv_atpA,334,312,0,1.00,0
Kv_atpA,335,313,0,1.00,0
Kv_atpA,336,314,0,1.00,0
Kv_atpA,337,315,0,1.00,0
Kv_atpA,338,316,0,1.00,0
Kv_atpA,339,317,0,1.00,0
Kv_atpA,340,318,0,0.89,0
Kv_atpA,341,319,0,0.95,0
Kv_atpA,342,320,0,1.00,0
Kv_atpA,343,321,0,1.00,0
Kv_atpA,344,322,0,0.95,0
Kv_atpA,345,323,0,1.00,0
Kv_atpA,346,324,0,1.00,0
Kv_atpA,347,325,0,0.95,0
Kv_atpA,348,326,0,1.00,0
Kv_atpA,349,327,0,1.00,0
Kv_atpA,350,328,0,1.00,0
Kv_atpA,351,329,0,1.00,0
Kv_atpA,352,330,0,1.00,0
Kv_atpA,353,331,0,1.00,0
Kv_atpA,354,332,0,1.00,0
Kv_atpA,355,333,0,0.95,0
Kv_atpA,356,334,0,1.00,0
Kv_atpA,357,335,0,1.00,0
Kv_atpA,358,336,1,1.00,4.00
Kv_atpA,359,337,0,0.73,0
Kv_atpA,360,338,1,0.42,-0.57
Kv_atpA,361,339,0,0.31,0
Kv_atpA,362,340,0,0.81,0
Kv_atpA,363,341,1,1.00,7.00
Kv_atpA,364,342,0,0.76,0
Kv_atpA,365,343,0,1.00,0
Kv_atpA,366,344,0,0.95,0
Kv_atpA,367,345,0,0.95,0
Kv_atpA,368,346,0,1.00,0
Kv_atpA,369,347,0,1.00,0
Kv_atpA,370,348,0,0.95,0
Kv_atpA,371,349,0,1.00,0
Kv_atpA,372,350,0,0.89,0
Kv_atpA,373,351,0,0.82,0
Kv_atpA,374,352,0,1.00,0
Kv_atpA,375,353,0,1.00,0
Kv_atpA,376,354,0,0.95,0
Kv_atpA,377,355,0,0.82,0
Kv_atpA,378,356,0,0.84,0
Kv_atpA,379,357,0,1.00,0
Kv_atpA,380,358,0,1.00,0
Kv_atpA,381,359,0,1.00,0
Kv_atpA,382,360,0,1.00,0
Kv_atpA,383,361,0,0.95,0
Kv_atpA,384,362,0,1.00,0
Kv_atpA,385,363,0,1.00,0
Kv_atpA,386,364,0,1.00,0
Kv_atpA,387,365,0,1.00,0
Kv_atpA,388,366,0,0.95,0
Kv_atpA,389,367,0,1.00,0
Kv_atpA,390,368,0,1.00,0
Kv_atpA,391,369,0,1.00,0
Kv_atpA,392,370,0,1.00,0
Kv_atpA,393,371,0,1.00,0
Kv_atpA,394,372,0,1.00,0
Kv_atpA,395,373,0,1.00,0
Kv_atpA,396,374,0,0.90,0
Kv_atpA,397,375,0,1.00,0
Kv_atpA,398,376,0,1.00,0
Kv_atpA,399,377,0,0.95,0
Kv_atpA,400,378,0,0.52,0
Kv_atpA,401,379,0,0.95,0
Kv_atpA,402,380,0,1.00,0
Kv_atpA,403,381,0,1.00,0
Kv_atpA,404,382,0,1.00,0
Kv_atpA,405,383,0,0.74,0
Kv_atpA,406,384,0,1.00,0
Kv_atpA,407,385,0,0.80,0
Kv_atpA,408,386,0,0.95,0
Kv_atpA,409,387,0,1.00,0
Kv_atpA,410,388,0,1.00,0
Kv_atpA,411,389,0,1.00,0
Kv_atpA,412,390,0,0.92,0
Kv_atpA,413,391,0,0.95,0
Kv_atpA,414,392,1,1.00,8.00
Kv_atpA,415,393,0,0.95,0
Kv_atpA,416,394,0,1.00,0
Kv_atpA,417,395,0,1.00,0
Kv_atpA,418,396,0,0.95,0
Kv_atpA,419,397,0,1.00,0
Kv_atpA,420,398,0,1.00,0
Kv_atpA,421,399,0,1.00,0
Kv_atpA,422,400,0,1.00,0
Kv_atpA,423,401,0,0.95,0
Kv_atpA,424,402,0,1.00,0
Kv_atpA,425,403,0,1.00,0
Kv_atpA,426,404,1,0.71,-0.83
Kv_atpA,427,405,1,0.90,2.80
Kv_atpA,428,406,0,0.90,0
Kv_atpA,429,407,1,0.95,-3.87
Kv_atpA,430,408,0,1.00,0
Kv_atpA,431,409,1,0.82,0.83
Kv_atpA,432,410,0,1.00,0
Kv_atpA,433,411,1,1.00,-1.00
Kv_atpA,434,412,0,1.00,0
Kv_atpA,435,413,1,0.79,1.87
Kv_atpA,436,414,0,0.95,0
Kv_atpA,437,415,0,1.00,0
Kv_atpA,438,416,0,1.00,0
Kv_atpA,439,417,0,0.95,0
Kv_atpA,440,418,0,1.00,0
Kv_atpA,441,419,0,1.00,0
Kv_atpA,442,420,0,1.00,0
Kv_atpA,443,421,0,1.00,0
Kv_atpA,444,422,0,0.79,0
Kv_atpA,445,423,0,1.00,0
Kv_atpA,446,424,0,1.00,0
Kv_atpA,447,425,0,0.82,0
Kv_atpA,448,426,0,1.00,0
Kv_atpA,449,427,0,1.00,0
Kv_atpA,450,428,0,0.92,0
Kv_atpA,451,429,0,0.95,0
Kv_atpA,452,430,0,1.00,0
Kv_atpA,453,431,0,0.89,0
Kv_atpA,454,432,0,1.00,0
Kv_atpA,455,433,0,0.90,0
Kv_atpA,456,434,0,1.00,0
Kv_atpA,457,435,0,0.95,0
Kv_atpA,458,436,0,0.56,0
Kv_atpA,459,437,1,0.73,0.93
Kv_atpA,460,438,0,0.95,0
Kv_atpA,461,439,0,0.82,0
Kv_atpA,462,440,0,0.58,0
Kv_atpA,463,441,0,0.80,0
Kv_atpA,464,442,0,1.00,0
Kv_atpA,465,443,1,0.90,0.23
Kv_atpA,466,444,0,0.87,0
Kv_atpA,467,445,0,1.00,0
Kv_atpA,468,446,1,0.46,1.13
Kv_atpA,469,447,0,1.00,0
Kv_atpA,470,448,0,0.95,0
Kv_atpA,471,449,0,1.00,0
Kv_atpA,472,450,0,1.00,0
Kv_atpA,473,451,0,0.57,0
Kv_atpA,474,452,0,1.00,0
Kv_atpA,475,453,0,1.00,0
Kv_atpA,476,454,0,1.00,0
Kv_atpA,477,455,1,0.51,0.20
Kv_atpA,478,456,0,0.85,0
Kv_atpA,479,457,1,0.58,-0.87
Kv_atpA,480,458,0,0.73,0
Kv_atpB,757,669,0,1.00,0
Kv_atpB,758,670,0,1.00,0
Kv_atpB,759,671,0,0.95,0
Kv_atpB,760,672,1,0.74,0.00
Kv_atpB,761,673,0,1.00,0
Kv_atpB,762,674,0,1.00,0
Kv_atpB,763,675,0,0.82,0
Kv_atpB,764,676,0,1.00,0
Kv_atpB,765,677,0,1.00,0
Kv_atpB,766,678,0,1.00,0
Kv_atpB,767,679,0,1.00,0
Kv_atpB,768,680,0,1.00,0
Kv_atpB,769,681,0,1.00,0
Kv_atpB,770,682,0,0.95,0
Kv_atpB,771,683,0,1.00,0
Kv_atpB,772,684,0,1.00,0
Kv_atpB,773,685,0,1.00,0
Kv_atpB,774,686,0,0.77,0
Kv_atpB,775,687,0,1.00,0
Kv_atpB,776,688,1,0.90,-4.73
Kv_atpB,777,689,0,1.00,0
Kv_atpB,778,690,0,0.95,0
Kv_atpB,779,691,0,0.90,0
Kv_atpB,780,692,0,1.00,0
Kv_atpB,781,693,0,0.90,0
Kv_atpB,782,694,0,0.78,0
Kv_atpB,783,695,0,0.28,0
Kv_atpB,784,696,0,0.95,0
Kv_atpB,785,697,0,0.92,0
Kv_atpB,786,698,1,0.87,7.17
Kv_atpB,787,699,1,0.49,1.73
Kv_atpB,788,700,0,0.49,0
Kv_atpB,789,701,0,1.00,0
Kv_atpB,790,702,0,1.00,0
Kv_atpB,791,703,1,0.33,-0.73
Kv_atpB,792,704,0,0.75,0
Kv_atpB,793,705,0,1.00,0
Kv_atpB,794,706,0,0.84,0
Kv_atpB,795,707,0,0.33,0
Kv_atpB,796,708,0,0.80,0
Kv_atpB,797,709,0,0.85,0
Kv_atpB,798,710,1,0.52,1.13
Kv_atpB,799,711,0,0.80,0
Kv_atpB,800,712,0,1.00,0
Kv_atpB,801,713,0,0.95,0
Kv_atpB,802,714,0,0.87,0
Kv_atpB,803,715,0,1.00,0
Kv_atpB,804,716,0,1.00,0
Kv_atpB,805,717,0,1.00,0
Kv_atpB,806,718,0,1.00,0
Kv_atpB,807,719,0,1.00,0
Kv_atpB,808,720,0,1.00,0
Kv_atpB,809,721,0,0.92,0
Kv_atpB,810,722,0,1.00,0
Kv_atpB,811,723,0,0.95,0
Kv_atpB,812,724,0,1.00,0
Kv_atpB,813,725,0,1.00,0
Kv_atpB,814,726,0,1.00,0
Kv_atpB,815,727,0,0.80,0
Kv_atpB,816,728,0,1.00,0
Kv_atpB,817,729,0,1.00,0
Kv_atpB,818,730,0,1.00,0
Kv_atpB,819,731,0,1.00,0
Kv_atpB,820,732,0,0.95,0
Kv_atpB,821,733,0,0.76,0
Kv_atpB,822,734,0,1.00,0
Kv_atpB,823,735,1,0.92,3.80
Kv_atpB,824,736,0,0.89,0
Kv_atpB,825,737,0,0.55,0
Kv_atpB,826,738,0,1.00,0
Kv_atpB,827,739,0,0.79,0
Kv_atpB,828,740,0,1.00,0
Kv_atpB,829,741,0,0.95,0
Kv_atpB,830,742,0,1.00,0
Kv_atpB,831,743,0,0.95,0
Kv_atpB,832,744,1,0.77,-2.53
Kv_atpB,833,745,0,1.00,0
Kv_atpB,834,746,0,1.00,0
Kv_atpB,835,747,0,1.00,0
Kv_atpB,836,748,0,1.00,0
Kv_atpB,837,749,0,1.00,0
Kv_atpB,838,750,0,1.00,0
Kv_atpB,839,751,0,1.00,0
Kv_atpB,840,752,0,1.00,0
Kv_atpB,841,753,1,0.95,1.00
Kv_atpB,842,754,0,1.00,0
Kv_atpB,843,755,0,1.00,0
Kv_atpB,844,756,0,1.00,0
Kv_atpB,845,757,0,0.83,0
Kv_atpB,846,758,0,1.00,0
Kv_atpB,847,759,0,0.95,0
Kv_atpB,848,760,0,0.95,0
Kv_atpB,849,761,1,0.90,2.97
Kv_atpB,850,762,1,1.00,0.00
Kv_atpB,851,763,0,1.00,0
Kv_atpB,852,764,0,0.95,0
Kv_atpB,853,765,0,1.00,0
Kv_atpB,854,766,0,1.00,0
Kv_atpB,855,767,0,0.67,0
Kv_atpB,856,768,0,0.95,0
Kv_atpB,857,769,1,0.60,2.50
Kv_atpB,858,770,0,0.65,0
Kv_atpB,859,771,1,0.61,-1.33
Kv_atpB,860,772,0,0.95,0
Kv_atpB,861,773,0,0.56,0
Kv_atpB,862,774,0,1.00,0
Kv_atpB,863,775,0,1.00,0
Kv_atpB,864,776,0,0.46,0
Kv_atpB,865,777,0,0.53,0
Kv_atpB,866,778,0,0.77,0
Kv_atpB,867,779,0,0.95,0
Kv_atpB,868,780,0,0.30,0
Kv_atpB,869,781,0,1.00,0
Kv_atpB,870,782,1,0.74,2.73
Kv_atpB,871,783,0,0.68,0
Kv_atpB,872,784,0,0.97,0
Kv_atpB,873,785,1,0.61,3.40
Kv_atpB,874,786,0,0.79,0
Kv_atpB,875,787,0,0.87,0
Kv_atpB,876,788,0,0.97,0
Kv_atpB,877,789,0,0.87,0
Kv_atpB,878,790,0,0.73,0
Kv_atpB,879,791,0,0.97,0
Kv_atpB,880,792,0,0.97,0
Kv_atpB,881,793,0,0.97,0
Kv_atpB,882,794,0,0.92,0
Kv_atpB,883,795,0,0.97,0
Kv_atpB,884,796,1,0.67,0.30
Kv_atpB,885,797,0,0.73,0
Kv_atpB,886,798,1,0.41,0.83
Kv_atpB,887,799,0,0.87,0
Kv_atpB,888,800,1,0.83,0.93
Kv_atpB,889,801,0,0.67,0
Kv_atpB,890,802,1,0.38,-0.23
Kv_atpB,891,803,1,0.93,0.93
Kv_petB,94,75,0,0.52,0
Kv_petB,95,76,1,0.88,0.97
Kv_petB,96,77,0,0.92,0
Kv_petB,97,78,0,0.88,0
Kv_petB,98,79,0,0.97,0
Kv_petB,99,80,0,0.97,0
Kv_petB,100,81,0,0.97,0
Kv_petB,101,82,0,0.80,0
Kv_petB,102,83,0,0.97,0
Kv_petB,103,84,0,0.97,0
Kv_petB,104,85,1,0.61,-3.62
Kv_petB,105,86,0,0.97,0
Kv_petB,106,87,0,0.97,0
Kv_petB,107,88,0,0.92,0
Kv_petB,108,89,0,0.92,0
Kv_petB,109,90,0,0.92,0
Kv_petB,110,91,0,0.92,0
Kv_petB,111,92,1,0.92,3.72
Kv_petB,112,93,0,0.97,0
Kv_petB,113,94,0,0.97,0
Kv_petB,114,95,0,0.83,0
Kv_petB,115,96,0,0.76,0
Kv_petB,116,97,1,0.76,2.62
Kv_petB,117,98,0,0.72,0
Kv_petB,118,99,0,0.97,0
Kv_petB,119,100,0,0.97,0
Kv_petB,120,101,1,0.68,-0.45
Kv_petB,121,102,1,0.79,6.00
Kv_petB,122,103,0,0.97,0
Kv_petB,123,104,0,0.92,0
Kv_petB,124,105,0,0.97,0
Kv_petB,125,106,0,0.97,0
Kv_petB,126,107,0,0.97,0
Kv_petB,127,108,0,0.92,0
Kv_petB,128,109,0,0.97,0
Kv_petB,129,110,0,0.97,0
Kv_petB,130,111,0,0.97,0
Kv_petB,131,112,1,0.87,0.00
Kv_petB,132,113,0,0.97,0
Kv_petB,133,114,0,0.97,0
Kv_petB,134,115,0,0.97,0
Kv_petB,135,116,0,0.97,0
Kv_petB,136,117,0,0.97,0
Kv_petB,137,118,0,0.97,0
Kv_petB,138,119,1,0.81,1.90
Kv_petB,139,120,0,0.87,0
Kv_petB,140,121,0,1.00,0
Kv_petB,141,122,0,0.95,0
Kv_petB,142,123,1,0.55,1.24
Kv_petB,143,124,0,0.89,0
Kv_petB,144,125,0,0.74,0
Kv_petB,145,126,1,0.84,-2.45
Kv_petB,146,127,0,0.54,0
Kv_petB,147,128,0,1.00,0
Kv_petB,148,129,1,0.89,-2.17
Kv_petB,149,130,0,1.00,0
Kv_petB,150,131,0,1.00,0
Kv_petB,151,132,0,1.00,0
Kv_petB,152,133,0,1.00,0
Kv_petB,153,134,0,1.00,0
Kv_petB,154,135,0,1.00,0
Kv_petB,155,136,0,1.00,0
Kv_petB,156,137,0,1.00,0
Kv_petB,157,138,0,1.00,0
Kv_petB,158,139,0,1.00,0
Kv_petB,159,140,0,1.00,0
Kv_petB,160,141,0,1.00,0
Kv_petB,161,142,0,1.00,0
Kv_petB,162,143,0,0.83,0
Kv_petB,163,144,0,1.00,0
Kv_petB,164,145,0,0.82,0
Kv_petB,165,146,0,1.00,0
Kv_petB,166,147,0,1.00,0
Kv_petB,167,148,0,0.77,0
Kv_petB,168,149,1,1.00,0.00
Kv_petB,169,150,0,1.00,0
Kv_petB,170,151,0,1.00,0
Kv_petB,171,152,0,1.00,0
Kv_petB,172,153,0,0.95,0
Kv_petB,173,154,1,0.95,-2.69
Kv_petB,174,155,0,1.00,0
Kv_petB,175,156,1,0.69,0.07
Kv_petB,176,157,1,0.95,-0.10
Kv_petB,177,158,1,0.71,0.31
Kv_petB,182,159,0,1.00,0
Kv_petB,183,160,1,0.67,-0.38
Kv_petB,184,161,1,0.74,2.07
Kv_petB,185,162,0,1.00,0
Kv_petB,186,163,0,0.44,0
Kv_petB,187,164,1,0.40,0.55
Kv_petB,188,165,0,0.64,0
Kv_petB,189,166,0,1.00,0
Kv_petB,191,167,1,0.81,-2.34
Kv_petB,192,168,0,1.00,0
Kv_petB,193,169,0,0.95,0
Kv_petB,194,170,0,1.00,0
Kv_petB,195,171,0,0.76,0
Kv_petB,196,172,1,0.57,-2.07
Kv_petB,197,173,0,0.87,0
Kv_petB,198,174,1,1.00,1.00
Kv_petB,199,175,1,1.00,6.00
Kv_petB,200,176,0,1.00,0
Kv_petB,201,177,0,0.56,0
Kv_petB,202,178,0,1.00,0
Kv_petB,203,179,0,1.00,0
Kv_petB,204,180,1,1.00,6.00
Kv_petB,205,181,0,1.00,0
Kv_petB,206,182,0,1.00,0
Kv_petB,207,183,0,1.00,0
Kv_petB,208,184,0,0.95,0
Kv_petB,209,185,1,0.77,0.59
Kv_petB,210,186,0,1.00,0
Kv_petB,211,187,0,1.00,0
Kv_petB,212,188,0,0.95,0
Kv_petB,213,189,0,0.95,0
Kv_petB,214,190,0,1.00,0
Kv_petB,215,191,0,1.00,0
Kv_petB,216,192,1,0.80,-0.45
Kv_petB,217,193,0,0.60,0
Kv_petB,218,194,0,0.71,0
Kv_petB,219,195,0,0.82,0
Kv_petB,220,196,1,0.83,-0.17
Kv_petB,221,197,0,0.73,0
Kv_petB,222,198,0,0.90,0
Kv_petB,223,199,0,0.89,0
Kv_petB,224,200,1,0.64,0.62
Kv_petB,225,201,0,1.00,0
Kv_petB,226,202,0,1.00,0
Kv_petB,227,203,1,0.82,3.69
Kv_petB,228,204,0,0.95,0
Kv_petB,229,205,1,1.00,1.00
Kv_petB,230,206,0,1.00,0
Kv_petB,231,207,0,0.95,0
Kv_petB,232,208,0,1.00,0
Kv_petB,233,209,0,1.00,0
Kv_petB,234,210,0,1.00,0
Kv_petB,235,211,0,1.00,0
Kv_petB,236,212,0,1.00,0
Kv_petB,237,213,0,1.00,0
Kv_petB,238,214,0,1.00,0
Kv_petD,49,49,1,0.84,0.72
Kv_petD,50,50,0,0.71,0
Kv_petD,51,51,0,0.95,0
Kv_petD,52,52,0,1.00,0
Kv_petD,53,53,0,0.89,0
Kv_petD,54,54,0,0.95,0
Kv_petD,55,55,1,0.68,-1.00
Kv_petD,56,56,0,0.64,0
Kv_petD,57,57,0,0.69,0
Kv_petD,58,58,0,0.44,0
Kv_petD,59,59,0,0.61,0
Kv_petD,60,60,1,0.95,7.72
Kv_petD,61,61,0,1.00,0
Kv_petD,62,62,0,0.69,0
Kv_petD,63,63,0,0.80,0
Kv_petD,64,64,0,0.74,0
Kv_petD,65,65,1,0.65,0.48
Kv_petD,66,66,0,0.95,0
Kv_petD,67,67,1,0.65,0.34
Kv_petD,68,68,0,0.33,0
Kv_petD,69,69,1,0.62,4.69
Kv_petD,70,70,0,1.00,0
Kv_petD,71,71,0,1.00,0
Kv_petD,72,72,1,0.60,0.45
Kv_petD,73,73,1,0.95,3.97
Kv_petD,74,74,0,0.78,0
Kv_petD,75,75,0,1.00,0
Kv_petD,76,76,0,1.00,0
Kv_petD,77,77,0,0.84,0
Kv_petD,78,78,0,1.00,0
Kv_petD,79,79,0,1.00,0
Kv_petD,80,80,0,1.00,0
Kv_petD,81,81,0,1.00,0
Kv_petD,82,82,0,1.00,0
Kv_petD,83,83,1,1.00,-1.00
Kv_petD,84,84,0,1.00,0
Kv_petD,85,85,0,1.00,0
Kv_petD,86,86,0,1.00,0
Kv_petD,87,87,0,1.00,0
Kv_petD,88,88,0,0.89,0
Kv_petD,89,89,0,0.89,0
Kv_petD,90,90,0,1.00,0
Kv_petD,91,91,1,0.87,5.03
Kv_petD,92,92,0,1.00,0
Kv_petD,93,93,0,0.87,0
Kv_petD,94,94,0,0.80,0
Kv_petD,95,95,0,1.00,0
Kv_petD,96,96,0,1.00,0
Kv_petD,97,97,0,0.87,0
Kv_petD,98,98,1,0.69,0.79
Kv_petD,99,99,1,1.00,1.00
Kv_petD,100,100,0,0.92,0
Kv_petD,101,101,0,1.00,0
Kv_petD,102,102,0,1.00,0
Kv_petD,103,103,0,0.82,0
Kv_petD,104,104,0,1.00,0
Kv_petD,105,105,0,0.89,0
Kv_petD,106,106,1,0.82,-2.24
Kv_petD,107,107,0,0.63,0
Kv_petD,108,108,0,0.90,0
Kv_petD,109,109,1,0.87,0.17
Kv_petD,110,110,0,0.76,0
Kv_petD,111,111,0,0.92,0
Kv_petD,112,112,0,1.00,0
Kv_petD,113,113,0,0.56,0
Kv_petD,114,114,0,0.95,0
Kv_petD,115,115,0,1.00,0
Kv_petD,116,116,1,0.69,-3.31
Kv_petD,117,117,1,0.76,0.76
Kv_petD,118,118,0,0.90,0
Kv_petD,119,119,0,0.95,0
Kv_petD,120,120,0,1.00,0
Kv_petD,121,121,1,0.75,-0.93
Kv_petD,122,122,0,1.00,0
Kv_petD,123,123,1,0.78,-1.38
Kv_petD,124,124,0,0.65,0
Kv_petD,125,125,1,0.95,4.72
Kv_petD,126,126,1,0.84,1.97
Kv_petD,127,127,0,0.86,0
Kv_petD,128,128,0,1.00,0
Kv_petD,129,129,0,1.00,0
Kv_petD,130,130,1,1.00,8.00
Kv_petD,131,131,0,0.87,0
Kv_petD,132,132,0,1.00,0
Kv_petD,133,133,0,1.00,0
Kv_petD,134,134,1,1.00,-1.00
Kv_petD,135,135,0,0.70,0
Kv_petD,136,136,1,0.95,2.90
Kv_petD,137,137,0,0.63,0
Kv_petD,138,138,1,0.58,-0.62
Kv_petD,139,139,0,0.66,0
Kv_petD,140,140,0,0.95,0
Kv_petD,141,141,1,0.71,0.48
Kv_petD,142,142,0,0.52,0
Kv_petD,143,143,0,0.87,0
Kv_petD,144,144,0,0.77,0
Kv_petD,145,145,1,0.51,-2.00
Kv_petD,146,146,0,0.47,0
Kv_petD,147,147,1,0.78,4.38
Kv_petD,150,148,1,0.84,-2.90
Kv_petD,151,149,0,0.95,0
Kv_petD,152,150,0,0.90,0
Kv_petD,153,151,0,1.00,0
Kv_petD,155,152,0,0.71,0
Kv_petD,156,153,1,0.60,-1.45
Kv_psaA,606,593,0,1.00,0
Kv_psaA,607,594,0,0.95,0
Kv_psaA,608,595,0,1.00,0
Kv_psaA,609,596,0,1.00,0
Kv_psaA,610,597,0,1.00,0
Kv_psaA,611,598,0,1.00,0
Kv_psaA,612,599,0,1.00,0
Kv_psaA,613,600,0,0.77,0
Kv_psaA,614,601,0,0.78,0
Kv_psaA,615,602,0,1.00,0
Kv_psaA,616,603,0,0.77,0
Kv_psaA,617,604,0,0.89,0
Kv_psaA,618,605,0,0.89,0
Kv_psaA,619,606,0,1.00,0
Kv_psaA,620,607,0,1.00,0
Kv_psaA,621,608,0,1.00,0
Kv_psaA,622,609,1,0.95,2.93
Kv_psaA,623,610,0,1.00,0
Kv_psaA,624,611,0,1.00,0
Kv_psaA,625,612,0,1.00,0
Kv_psaA,626,613,0,1.00,0
Kv_psaA,627,614,1,1.00,3.00
Kv_psaA,628,615,1,1.00,0.00
Kv_psaA,629,616,1,0.95,0.93
Kv_psaA,630,617,0,1.00,0
Kv_psaA,631,618,0,1.00,0
Kv_psaA,632,619,0,0.73,0
Kv_psaA,633,620,0,0.78,0
Kv_psaA,634,621,0,0.66,0
Kv_psaA,635,622,0,0.46,0
Kv_psaA,636,623,1,0.41,0.66
Kv_psaA,637,624,0,1.00,0
Kv_psaA,638,625,0,0.37,0
Kv_psaA,639,626,0,0.78,0
Kv_psaA,640,627,0,0.80,0
Kv_psaA,641,628,0,1.00,0
Kv_psaA,642,629,0,0.95,0
Kv_psaA,643,630,0,0.95,0
Kv_psaA,644,631,0,0.95,0
Kv_psaA,647,634,0,0.95,0
Kv_psaA,648,635,0,1.00,0
Kv_psaA,649,636,0,1.00,0
Kv_psaA,650,637,1,0.90,1.17
Kv_psaA,651,638,0,0.77,0
Kv_psaA,652,639,0,0.92,0
Kv_psaA,653,640,0,0.78,0
Kv_psaA,654,641,1,0.75,-3.86
Kv_psaA,655,642,0,0.95,0
Kv_psaA,656,643,0,0.95,0
Kv_psaA,657,644,1,1.00,-6.00
Kv_psaA,658,645,0,1.00,0
Kv_psaA,659,646,0,1.00,0
Kv_psaA,660,647,0,1.00,0
Kv_psaA,661,648,0,1.00,0
Kv_psaA,662,649,0,1.00,0
Kv_psaA,663,650,0,1.00,0
Kv_psaA,664,651,0,1.00,0
Kv_psaA,665,652,0,1.00,0
Kv_psaA,666,653,0,0.78,0
Kv_psaA,667,654,1,0.95,-4.10
Kv_psaA,668,655,0,0.92,0
Kv_psaA,669,656,1,0.92,-0.79
Kv_psaA,670,657,1,1.00,0.00
Kv_psaA,671,658,1,1.00,1.00
Kv_psaA,672,659,0,0.92,0
Kv_psaA,673,660,1,1.00,-2.00
Kv_psaA,674,661,0,1.00,0
Kv_psaA,675,662,0,1.00,0
Kv_psaA,676,663,0,1.00,0
Kv_psaA,677,664,0,1.00,0
Kv_psaA,678,665,0,0.85,0
Kv_psaA,679,666,1,0.79,0.00
Kv_psaA,680,667,0,1.00,0
Kv_psaA,681,668,0,1.00,0
Kv_psaA,682,669,0,1.00,0
Kv_psaA,683,670,0,1.00,0
Kv_psaA,684,671,0,0.95,0
Kv_psaA,685,672,0,0.81,0
Kv_psaA,686,673,0,1.00,0
Kv_psaA,687,674,0,1.00,0
Kv_psaA,688,675,0,0.95,0
Kv_psaA,689,676,0,1.00,0
Kv_psaA,690,677,0,1.00,0
Kv_psaA,691,678,0,0.95,0
Kv_psaA,692,679,1,0.74,-4.24
Kv_psaA,693,680,0,1.00,0
Kv_psaA,694,681,0,1.00,0
Kv_psaA,695,682,0,1.00,0
Kv_psaA,696,683,0,1.00,0
Kv_psaA,697,684,0,1.00,0
Kv_psaA,698,685,0,1.00,0
Kv_psaA,699,686,0,1.00,0
Kv_psaA,700,687,0,1.00,0
Kv_psaA,701,688,0,1.00,0
Kv_psaA,702,689,0,1.00,0
Kv_psaA,703,690,0,1.00,0
Kv_psaA,704,691,0,1.00,0
Kv_psaA,705,692,0,1.00,0
Kv_psaA,706,693,0,1.00,0
Kv_psaA,707,694,0,1.00,0
Kv_psaA,708,695,0,1.00,0
Kv_psaA,709,696,0,1.00,0
Kv_psaA,710,697,0,1.00,0
Kv_psaA,711,698,0,1.00,0
Kv_psaA,712,699,0,1.00,0
Kv_psaA,713,700,0,1.00,0
Kv_psaA,714,701,0,0.92,0
Kv_psaA,715,702,0,0.95,0
Kv_psaA,716,703,0,1.00,0
Kv_psaA,717,704,0,1.00,0
Kv_psaA,718,705,0,1.00,0
Kv_psaA,719,706,0,0.95,0
Kv_psaA,720,707,0,1.00,0
Kv_psaA,721,708,0,0.76,0
Kv_psaA,722,709,0,0.77,0
Kv_psaA,723,710,0,0.68,0
Kv_psaA,724,711,0,0.90,0
Kv_psaA,725,712,0,1.00,0
Kv_psaA,726,713,1,0.65,2.93
Kv_psaA,727,714,0,0.92,0
Kv_psaA,728,715,0,0.95,0
Kv_psaA,729,716,0,1.00,0
Kv_psaA,730,717,0,1.00,0
Kv_psaA,731,718,0,1.00,0
Kv_psaA,732,719,0,1.00,0
Kv_psaA,733,720,0,1.00,0
Kv_psaA,734,721,0,1.00,0
Kv_psaA,735,722,0,0.92,0
Kv_psaA,736,723,0,1.00,0
Kv_psaA,737,724,0,1.00,0
Kv_psaA,738,725,0,1.00,0
Kv_psaA,739,726,0,1.00,0
Kv_psaA,740,727,0,1.00,0
Kv_psaA,741,728,0,1.00,0
Kv_psaA,742,729,0,0.73,0
Kv_psaA,743,730,0,0.87,0
Kv_psaA,744,731,0,0.95,0
Kv_psaA,745,732,0,1.00,0
Kv_psaA,746,733,0,1.00,0
Kv_psaA,747,734,0,0.95,0
Kv_psaA,748,735,0,1.00,0
Kv_psaA,749,736,0,1.00,0
Kv_psaA,750,737,0,1.00,0
Kv_psaA,751,738,0,0.82,0
Kv_psaA,752,739,1,1.00,1.00
Kv_psaA,753,740,0,1.00,0
Kv_psaA,754,741,0,1.00,0
Kv_psaA,755,742,0,0.78,0
Kv_psaA,756,743,0,1.00,0
Kv_psaA,757,744,0,1.00,0
Kv_psaA,758,745,0,0.84,0
Kv_psaA,759,746,0,1.00,0
Kv_psaA,760,747,0,1.00,0
Kv_psaA,761,748,1,0.79,-0.79
Kv_psaA,762,749,1,0.92,-1.00
Kv_psaA,763,750,0,0.82,0
Kv_psaA,764,751,1,0.82,-3.28
Kv_psaA,765,752,0,0.76,0
Kv_psaB,684,654,0,1.00,0
Kv_psaB,685,655,0,0.74,0
Kv_psaB,686,656,0,0.95,0
Kv_psaB,687,657,0,0.77,0
Kv_psaB,688,658,0,0.95,0
Kv_psaB,689,659,0,1.00,0
Kv_psaB,690,660,0,1.00,0
Kv_psaB,691,661,0,0.87,0
Kv_psaB,692,662,1,1.00,-1.00
Kv_psaB,693,663,1,1.00,1.00
Kv_psaB,694,664,0,1.00,0
Kv_psaB,695,665,0,1.00,0
Kv_psaB,696,666,0,1.00,0
Kv_psaB,697,667,0,0.95,0
Kv_psaB,699,668,0,0.95,0
Kv_psaB,700,669,0,0.89,0
Kv_psaB,701,670,0,0.76,0
Kv_psaB,702,671,0,1.00,0
Kv_psaB,703,672,0,0.95,0
Kv_psaB,704,673,0,0.95,0
Kv_psaB,705,674,0,1.00,0
Kv_psaB,706,675,1,1.00,-1.00
Kv_psaB,707,676,1,0.95,-0.10
Kv_psaB,713,682,0,0.84,0
Kv_psaB,714,683,0,0.60,0
Kv_psaB,717,685,0,1.00,0
Kv_psaB,718,686,0,0.63,0
Kv_psaB,719,687,0,0.82,0
Kv_psaB,720,688,0,0.81,0
Kv_psaB,721,689,0,1.00,0
Kv_psaB,722,690,0,1.00,0
Kv_psaB,723,691,0,0.85,0
Kv_psaB,724,692,0,1.00,0
Kv_psaB,725,693,0,0.85,0
Kv_psaB,726,694,0,1.00,0
Kv_psaB,727,695,0,1.00,0
Kv_psaB,728,696,0,0.92,0
Kv_psaB,729,697,0,0.89,0
Kv_psaB,730,698,0,1.00,0
Kv_psaB,731,699,0,1.00,0
Kv_psaB,732,700,0,0.73,0
Kv_psaB,733,701,0,0.92,0
Kv_psaB,734,702,0,1.00,0
Kv_psaB,735,703,0,1.00,0
Kv_psaB,736,704,0,1.00,0
Kv_psaB,737,705,0,1.00,0
Kv_psaB,738,706,0,1.00,0
Kv_psaB,739,707,0,1.00,0
Kv_psaB,740,708,0,1.00,0
Kv_psaB,741,709,0,1.00,0
Kv_psaB,742,710,0,1.00,0
Kv_psaB,743,711,0,1.00,0
Kv_psaB,744,712,0,1.00,0
Kv_psaB,745,713,0,1.00,0
Kv_psaB,746,714,0,1.00,0
Kv_psaB,747,715,0,1.00,0
Kv_psaB,748,716,0,1.00,0
Kv_psaB,749,717,0,1.00,0
Kv_psaB,750,718,0,1.00,0
Kv_psaB,751,719,0,1.00,0
Kv_psaB,752,720,0,0.95,0
Kv_psaB,753,721,0,1.00,0
Kv_psaB,754,722,0,0.87,0
Kv_psaB,755,723,0,0.71,0
Kv_psaB,756,724,0,0.95,0
Kv_psaB,757,725,0,0.95,0
Kv_psaB,758,726,0,1.00,0
Kv_psaB,759,727,0,0.95,0
Kv_psaB,760,728,0,0.92,0
Kv_psaB,761,729,0,0.95,0
Kv_psaB,762,730,0,1.00,0
Kv_psaB,763,731,0,0.80,0
Kv_psaB,764,732,0,0.95,0
Kv_psaB,765,733,0,1.00,0
Kv_psaB,766,734,0,0.85,0
Kv_psaB,767,735,0,0.78,0
Kv_psaB,769,737,1,0.74,-3.13
Kv_psaB,770,738,0,1.00,0
Kv_psaB,771,739,0,0.69,0
Kv_psaB,772,740,0,0.95,0
Kv_psaB,773,741,0,0.95,0
Kv_psaB,777,742,0,1.00,0
Kv_psaB,778,743,0,0.95,0
Kv_psaB,779,744,0,1.00,0
Kv_psaB,780,745,0,0.95,0
Kv_psaB,781,746,0,1.00,0
Kv_psaB,782,747,0,0.95,0
Kv_psaB,783,748,0,1.00,0
Kv_psaB,784,749,0,1.00,0
Kv_psaB,785,750,0,1.00,0
Kv_psaB,786,751,0,1.00,0
Kv_psaB,787,752,0,0.95,0
Kv_psaB,788,753,1,0.95,0.93
Kv_psaB,789,754,0,1.00,0
Kv_psaB,790,755,0,1.00,0
Kv_psaB,791,756,1,0.60,1.27
Kv_psaB,792,757,0,1.00,0
Kv_psaB,793,758,0,0.95,0
Kv_psaB,794,759,0,0.58,0
Kv_psaB,795,760,0,0.84,0
Kv_psaB,796,761,0,1.00,0
Kv_psaB,797,762,0,0.85,0
Kv_psaB,798,763,1,0.87,-0.73
Kv_psaB,799,764,0,0.70,0
Kv_psaB,800,765,0,1.00,0
Kv_psaB,801,766,0,0.89,0
Kv_psaB,802,767,0,0.95,0
Kv_psaB,803,768,0,0.85,0
Kv_psaB,804,769,0,1.00,0
Kv_psaB,805,770,0,0.87,0
Kv_psaB,806,771,0,0.90,0
Kv_psaB,807,772,0,0.95,0
Kv_psaB,808,773,1,0.95,3.07
Kv_psaB,809,774,1,1.00,1.00
Kv_psaB,810,775,0,0.51,0
Kv_psbA,326,111,0,0.78,0
Kv_psbA,327,112,0,0.92,0
Kv_psbA,328,113,0,1.00,0
Kv_psbA,329,114,0,1.00,0
Kv_psbA,330,115,0,0.58,0
Kv_psbA,331,116,0,1.00,0
Kv_psbA,332,117,0,0.95,0
Kv_psbA,333,118,0,1.00,0
Kv_psbA,334,119,0,1.00,0
Kv_psbA,335,120,0,0.87,0
Kv_psbA,336,121,0,1.00,0
Kv_psbA,337,122,0,1.00,0
Kv_psbA,338,123,0,0.95,0
Kv_psbA,339,124,0,0.92,0
Kv_psbA,340,125,0,0.95,0
Kv_psbA,341,126,0,0.65,0
Kv_psbA,342,127,0,0.89,0
Kv_psbA,343,128,0,1.00,0
Kv_psbA,344,129,0,1.00,0
Kv_psbA,345,130,0,1.00,0
Kv_psbA,346,131,0,1.00,0
Kv_psbA,347,132,0,1.00,0
Kv_psbA,348,133,0,1.00,0
Kv_psbA,349,134,0,1.00,0
Kv_psbA,350,135,0,0.84,0
Kv_psbA,351,136,0,1.00,0
Kv_psbA,352,137,0,0.80,0
Kv_psbA,353,138,0,0.92,0
Kv_psbA,354,139,0,0.77,0
Kv_psbA,355,140,1,1.00,1.00
Kv_psbA,356,141,0,0.63,0
Kv_psbA,357,142,0,1.00,0
Kv_psbA,358,143,0,1.00,0
Kv_psbA,359,144,0,0.77,0
Kv_psbA,360,145,0,0.75,0
Kv_psbA,361,146,0,1.00,0
Kv_psbA,362,147,0,0.92,0
Kv_psbA,363,148,0,0.70,0
Kv_psbA,364,149,0,0.55,0
Kv_psbA,365,150,0,0.85,0
Kv_psbA,366,151,0,0.78,0
Kv_psbA,367,152,0,1.00,0
Kv_psbA,368,153,0,1.00,0
Kv_psbA,369,154,0,1.00,0
Kv_psbA,370,155,0,1.00,0
Kv_psbA,371,156,0,1.00,0
Kv_psbA,372,157,0,0.89,0
Kv_psbA,373,158,0,1.00,0
Kv_psbA,374,159,0,0.85,0
Kv_psbA,375,160,0,1.00,0
Kv_psbA,376,161,0,1.00,0
Kv_psbA,377,162,0,1.00,0
Kv_psbA,378,163,0,1.00,0
Kv_psbA,379,164,0,1.00,0
Kv_psbA,380,165,0,1.00,0
Kv_psbA,381,166,0,1.00,0
Kv_psbA,382,167,0,1.00,0
Kv_psbA,383,168,0,0.55,0
Kv_psbA,384,169,0,1.00,0
Kv_psbA,385,170,0,1.00,0
Kv_psbA,386,171,0,0.85,0
Kv_psbA,387,172,0,0.83,0
Kv_psbA,388,173,0,1.00,0
Kv_psbA,389,174,0,1.00,0
Kv_psbA,390,175,0,0.95,0
Kv_psbA,391,176,0,1.00,0
Kv_psbA,392,177,0,1.00,0
Kv_psbA,393,178,0,1.00,0
Kv_psbA,394,179,0,0.65,0
Kv_psbA,395,180,0,1.00,0
Kv_psbA,396,181,0,1.00,0
Kv_psbA,397,182,0,1.00,0
Kv_psbA,398,183,0,0.78,0
Kv_psbA,399,184,0,0.77,0
Kv_psbA,400,185,0,1.00,0
Kv_psbA,401,186,0,1.00,0
Kv_psbA,402,187,0,1.00,0
Kv_psbA,403,188,0,1.00,0
Kv_psbA,404,189,0,1.00,0
Kv_psbA,405,190,0,1.00,0
Kv_psbA,406,191,0,1.00,0
Kv_psbA,407,192,0,1.00,0
Kv_psbA,408,193,0,1.00,0
Kv_psbA,409,194,0,1.00,0
Kv_psbA,410,195,0,1.00,0
Kv_psbA,411,196,0,1.00,0
Kv_psbA,412,197,0,1.00,0
Kv_psbA,413,198,0,1.00,0
Kv_psbA,414,199,0,1.00,0
Kv_psbA,415,200,0,1.00,0
Kv_psbA,416,201,0,0.95,0
Kv_psbA,417,202,0,1.00,0
Kv_psbA,418,203,0,1.00,0
Kv_psbA,419,204,0,1.00,0
Kv_psbA,420,205,0,1.00,0
Kv_psbA,421,206,0,1.00,0
Kv_psbA,422,207,0,1.00,0
Kv_psbA,423,208,0,0.82,0
Kv_psbA,424,209,0,1.00,0
Kv_psbA,425,210,0,1.00,0
Kv_psbA,426,211,0,1.00,0
Kv_psbA,427,212,0,1.00,0
Kv_psbA,428,213,0,1.00,0
Kv_psbA,429,214,0,1.00,0
Kv_psbA,430,215,0,0.95,0
Kv_psbA,431,216,0,1.00,0
Kv_psbA,432,217,0,1.00,0
Kv_psbA,433,218,0,1.00,0
Kv_psbA,434,219,0,1.00,0
Kv_psbA,435,220,0,1.00,0
Kv_psbA,436,221,0,1.00,0
Kv_psbA,437,222,0,1.00,0
Kv_psbA,438,223,0,0.77,0
Kv_psbA,439,224,1,0.70,0.83
Kv_psbA,440,225,0,1.00,0
Kv_psbA,441,226,0,1.00,0
Kv_psbA,442,227,0,1.00,0
Kv_psbA,443,228,0,1.00,0
Kv_psbA,444,229,0,1.00,0
Kv_psbA,445,230,0,1.00,0
Kv_psbA,446,231,0,1.00,0
Kv_psbA,447,232,0,1.00,0
Kv_psbA,448,233,0,0.95,0
Kv_psbA,449,234,0,1.00,0
Kv_psbA,450,235,0,1.00,0
Kv_psbA,451,236,0,1.00,0
Kv_psbA,452,237,0,1.00,0
Kv_psbA,453,238,0,1.00,0
Kv_psbA,454,239,0,1.00,0
Kv_psbA,455,240,0,1.00,0
Kv_psbA,456,241,0,1.00,0
Kv_psbA,457,242,0,1.00,0
Kv_psbA,458,243,0,1.00,0
Kv_psbA,459,244,0,0.95,0
Kv_psbA,460,245,0,1.00,0
Kv_psbA,461,246,0,1.00,0
Kv_psbA,462,247,0,1.00,0
Kv_psbA,463,248,0,0.95,0
Kv_psbA,464,249,0,0.95,0
Kv_psbA,465,250,0,1.00,0
Kv_psbA,466,251,0,1.00,0
Kv_psbA,467,252,0,0.72,0
Kv_psbA,468,253,0,0.90,0
Kv_psbA,469,254,0,0.65,0
Kv_psbA,470,255,0,0.95,0
Kv_psbA,471,256,0,1.00,0
Kv_psbA,472,257,0,0.68,0
Kv_psbA,473,258,0,1.00,0
Kv_psbA,474,259,0,0.64,0
Kv_psbA,475,260,0,0.95,0
Kv_psbA,476,261,0,1.00,0
Kv_psbA,477,262,0,0.84,0
Kv_psbA,478,263,0,0.95,0
Kv_psbA,479,264,0,1.00,0
Kv_psbA,480,265,0,1.00,0
Kv_psbA,481,266,0,1.00,0
Kv_psbA,482,267,0,0.90,0
Kv_psbA,483,268,0,1.00,0
Kv_psbA,484,269,0,1.00,0
Kv_psbA,485,270,0,1.00,0
Kv_psbA,486,271,0,0.95,0
Kv_psbA,487,272,0,1.00,0
Kv_psbA,488,273,0,0.95,0
Kv_psbA,489,274,0,1.00,0
Kv_psbA,490,275,0,1.00,0
Kv_psbA,491,276,0,1.00,0
Kv_psbA,492,277,0,0.95,0
Kv_psbA,493,278,0,1.00,0
Kv_psbA,494,279,0,0.95,0
Kv_psbA,495,280,0,1.00,0
Kv_psbA,496,281,0,1.00,0
Kv_psbA,497,282,0,1.00,0
Kv_psbA,498,283,0,0.95,0
Kv_psbA,499,284,0,1.00,0
Kv_psbA,500,285,0,1.00,0
Kv_psbA,501,286,0,1.00,0
Kv_psbA,502,287,0,1.00,0
Kv_psbA,503,288,0,1.00,0
Kv_psbA,504,289,0,1.00,0
Kv_psbA,505,290,0,1.00,0
Kv_psbA,506,291,0,1.00,0
Kv_psbA,507,292,0,1.00,0
Kv_psbA,508,293,0,1.00,0
Kv_psbA,509,294,0,0.77,0
Kv_psbA,510,295,0,1.00,0
Kv_psbA,511,296,0,1.00,0
Kv_psbA,512,297,0,1.00,0
Kv_psbA,513,298,0,0.95,0
Kv_psbA,514,299,0,1.00,0
Kv_psbA,515,300,0,0.77,0
Kv_psbA,516,301,0,0.62,0
Kv_psbA,517,302,0,1.00,0
Kv_psbA,518,303,0,1.00,0
Kv_psbA,519,304,0,1.00,0
Kv_psbA,520,305,0,0.74,0
Kv_psbA,521,306,0,0.90,0
Kv_psbA,522,307,0,1.00,0
Kv_psbA,523,308,0,1.00,0
Kv_psbA,524,309,0,0.73,0
Kv_psbA,525,310,0,1.00,0
Kv_psbA,526,311,0,0.83,0
Kv_psbA,527,312,0,0.71,0
Kv_psbA,528,313,0,0.85,0
Kv_psbA,529,314,0,0.71,0
Kv_psbA,530,315,0,0.79,0
Kv_psbA,531,316,0,1.00,0
Kv_psbA,532,317,0,1.00,0
Kv_psbA,533,318,0,1.00,0
Kv_psbA,534,319,0,1.00,0
Kv_psbA,535,320,0,1.00,0
Kv_psbA,536,321,0,1.00,0
Kv_psbA,537,322,0,1.00,0
Kv_psbA,538,323,0,1.00,0
Kv_psbA,539,324,0,0.95,0
Kv_psbA,540,325,0,1.00,0
Kv_psbA,541,326,0,1.00,0
Kv_psbA,542,327,0,1.00,0
Kv_psbA,543,328,0,1.00,0
Kv_psbA,544,329,0,1.00,0
Kv_psbA,545,330,0,0.95,0
Kv_psbA,546,331,0,0.95,0
Kv_psbA,547,332,0,1.00,0
Kv_psbA,548,333,0,0.95,0
Kv_psbA,549,334,0,0.77,0
Kv_psbA,550,335,0,1.00,0
Kv_psbA,551,336,0,0.95,0
Kv_psbA,552,337,0,0.95,0
Kv_psbA,553,338,0,0.95,0
Kv_psbA,554,339,0,0.95,0
Kv_psbA,555,340,0,0.95,0
Kv_psbA,556,341,0,1.00,0
Kv_psbA,557,342,0,1.00,0
Kv_psbA,558,343,0,1.00,0
Kv_psbA,559,344,0,0.95,0
Kv_psbA,560,345,0,0.68,0
Kv_psbA,561,346,0,1.00,0
Kv_psbA,562,347,0,1.00,0
Kv_psbA,563,348,0,0.87,0
Kv_psbA,564,349,0,0.78,0
Kv_psbA,565,350,0,1.00,0
Kv_psbA,566,351,0,1.00,0
Kv_psbA,567,352,0,0.89,0
Kv_psbA,568,353,0,1.00,0
Kv_psbA,569,354,0,1.00,0
Kv_psbA,570,355,0,1.00,0
Kv_psbA,571,356,0,1.00,0
Kv_psbA,572,357,0,1.00,0
Kv_psbA,573,358,0,1.00,0
Kv_psbA,574,359,0,1.00,0
Kv_psbA,575,360,0,1.00,0
Kv_psbA,576,361,0,1.00,0
Kv_psbA,577,362,0,1.00,0
Kv_psbA,578,363,0,1.00,0
Kv_psbA,579,364,0,1.00,0
Kv_psbA,580,365,0,1.00,0
Kv_psbA,581,366,0,1.00,0
Kv_psbA,582,367,0,1.00,0
Kv_psbA,637,370,1,0.39,-0.48
Kv_psbB,373,256,1,0.95,-1.93
Kv_psbB,374,257,1,0.92,-1.00
Kv_psbB,375,258,0,0.95,0
Kv_psbB,376,259,0,1.00,0
Kv_psbB,377,260,0,0.95,0
Kv_psbB,378,261,0,1.00,0
Kv_psbB,379,262,0,1.00,0
Kv_psbB,380,263,0,0.95,0
Kv_psbB,381,264,0,1.00,0
Kv_psbB,382,265,0,1.00,0
Kv_psbB,383,266,0,1.00,0
Kv_psbB,384,267,0,0.73,0
Kv_psbB,385,268,0,1.00,0
Kv_psbB,386,269,0,1.00,0
Kv_psbB,387,270,0,1.00,0
Kv_psbB,388,271,0,0.85,0
Kv_psbB,389,272,0,0.80,0
Kv_psbB,390,273,0,1.00,0
Kv_psbB,391,274,0,0.95,0
Kv_psbB,392,275,0,0.77,0
Kv_psbB,393,276,0,0.83,0
Kv_psbB,394,277,0,0.60,0
Kv_psbB,395,278,0,0.95,0
Kv_psbB,396,279,0,0.95,0
Kv_psbB,397,280,0,0.95,0
Kv_psbB,398,281,0,1.00,0
Kv_psbB,399,282,0,1.00,0
Kv_psbB,400,283,0,1.00,0
Kv_psbB,401,284,0,0.72,0
Kv_psbB,402,285,0,0.95,0
Kv_psbB,403,286,1,0.82,-2.90
Kv_psbB,404,287,0,0.95,0
Kv_psbB,405,288,0,1.00,0
Kv_psbB,406,289,0,0.79,0
Kv_psbB,407,290,0,0.95,0
Kv_psbB,408,291,0,1.00,0
Kv_psbB,409,292,0,0.95,0
Kv_psbB,410,293,0,1.00,0
Kv_psbB,411,294,0,1.00,0
Kv_psbB,412,295,0,1.00,0
Kv_psbB,413,296,0,1.00,0
Kv_psbB,414,297,0,1.00,0
Kv_psbB,415,298,0,0.95,0
Kv_psbB,416,299,0,1.00,0
Kv_psbB,417,300,0,1.00,0
Kv_psbB,418,301,0,0.80,0
Kv_psbB,419,302,0,0.90,0
Kv_psbB,420,303,0,0.92,0
Kv_psbB,421,304,0,1.00,0
Kv_psbB,422,305,0,0.90,0
Kv_psbB,423,306,0,0.95,0
Kv_psbB,424,307,0,1.00,0
Kv_psbB,425,308,0,0.87,0
Kv_psbB,426,309,0,0.84,0
Kv_psbB,427,310,1,0.80,-0.80
Kv_psbB,428,311,0,0.82,0
Kv_psbB,429,312,0,0.95,0
Kv_psbB,430,313,0,0.73,0
Kv_psbB,431,314,0,0.38,0
Kv_psbB,432,315,0,0.67,0
Kv_psbB,433,316,1,0.73,-0.03
Kv_psbB,434,317,1,0.51,0.37
Kv_psbB,435,318,0,0.67,0
Kv_psbB,436,319,0,0.87,0
Kv_psbB,437,320,1,0.62,2.67
Kv_psbB,438,321,0,0.87,0
Kv_psbB,439,322,0,0.61,0
Kv_psbB,440,323,0,0.69,0
Kv_psbB,441,324,0,0.60,0
Kv_psbB,442,325,0,0.87,0
Kv_psbB,443,326,0,0.95,0
Kv_psbB,444,327,0,0.80,0
Kv_psbB,445,328,0,0.53,0
Kv_psbB,446,329,0,0.84,0
Kv_psbB,447,330,0,1.00,0
Kv_psbB,448,331,0,0.82,0
Kv_psbB,449,332,0,1.00,0
Kv_psbB,450,333,0,1.00,0
Kv_psbB,451,334,0,0.95,0
Kv_psbB,452,335,0,0.95,0
Kv_psbB,453,336,0,1.00,0
Kv_psbB,454,337,0,1.00,0
Kv_psbB,455,338,0,1.00,0
Kv_psbB,456,339,1,0.84,-0.80
Kv_psbB,457,340,0,1.00,0
Kv_psbB,458,341,0,0.95,0
Kv_psbB,459,342,0,1.00,0
Kv_psbB,460,343,0,1.00,0
Kv_psbB,461,344,0,1.00,0
Kv_psbB,462,345,0,1.00,0
Kv_psbB,463,346,0,1.00,0
Kv_psbB,464,347,0,1.00,0
Kv_psbB,465,348,0,1.00,0
Kv_psbB,466,349,0,1.00,0
Kv_psbB,467,350,0,1.00,0
Kv_psbB,468,351,0,0.79,0
Kv_psbB,469,352,0,1.00,0
Kv_psbB,470,353,0,0.84,0
Kv_psbB,471,354,0,0.95,0
Kv_psbB,472,355,0,0.74,0
Kv_psbB,473,356,0,0.84,0
Kv_psbB,474,357,0,1.00,0
Kv_psbB,475,358,0,1.00,0
Kv_psbB,476,359,0,1.00,0
Kv_psbB,477,360,0,0.95,0
Kv_psbB,478,361,0,0.95,0
Kv_psbB,479,362,0,0.77,0
Kv_psbB,480,363,0,0.78,0
Kv_psbB,481,364,0,1.00,0
Kv_psbB,482,365,0,0.95,0
Kv_psbB,483,366,0,1.00,0
Kv_psbB,484,367,0,0.95,0
Kv_psbB,485,368,0,0.80,0
Kv_psbB,486,369,1,0.62,0.07
Kv_psbB,487,370,0,1.00,0
Kv_psbB,488,371,0,0.57,0
Kv_psbB,489,372,0,0.87,0
Kv_psbB,490,373,0,0.74,0
Kv_psbB,491,374,0,0.71,0
Kv_psbB,492,375,0,0.90,0
Kv_psbB,493,376,0,0.90,0
Kv_psbB,494,377,0,0.95,0
Kv_psbB,495,378,0,1.00,0
Kv_psbB,496,379,1,0.67,0.57
Kv_psbB,497,380,0,1.00,0
Kv_psbB,498,381,0,1.00,0
Kv_psbB,499,382,0,1.00,0
Kv_psbB,500,383,0,0.95,0
Kv_psbB,501,384,0,1.00,0
Kv_psbB,502,385,0,0.77,0
Kv_psbB,503,386,0,1.00,0
Kv_psbB,504,387,0,1.00,0
Kv_psbB,505,388,0,1.00,0
Kv_psbB,506,389,0,1.00,0
Kv_psbB,507,390,0,1.00,0
Kv_psbB,508,391,0,1.00,0
Kv_psbB,509,392,0,1.00,0
Kv_psbB,510,393,0,0.79,0
Kv_psbB,511,394,0,1.00,0
Kv_psbB,512,395,0,0.76,0
Kv_psbB,513,396,0,1.00,0
Kv_psbB,514,397,0,0.82,0
Kv_psbB,516,399,0,0.82,0
Kv_psbB,517,400,0,1.00,0
Kv_psbB,518,401,1,0.79,0.03
Kv_psbB,519,402,0,0.71,0
Kv_psbB,520,403,0,0.95,0
Kv_psbB,521,404,1,1.00,4.00
Kv_psbB,522,405,0,1.00,0
Kv_psbB,523,406,0,0.87,0
Kv_psbB,524,407,0,0.95,0
Kv_psbB,525,408,0,1.00,0
Kv_psbB,526,409,0,1.00,0
Kv_psbB,527,410,0,0.95,0
Kv_psbB,528,411,0,0.95,0
Kv_psbB,529,412,0,0.95,0
Kv_psbB,530,413,0,1.00,0
Kv_psbB,531,414,0,0.90,0
Kv_psbB,532,415,0,1.00,0
Kv_psbB,533,416,0,1.00,0
Kv_psbB,534,417,0,0.89,0
Kv_psbB,535,418,0,1.00,0
Kv_psbB,536,419,0,1.00,0
Kv_psbB,537,420,0,0.90,0
Kv_psbB,538,421,1,1.00,8.00
Kv_psbB,539,422,0,1.00,0
Kv_psbB,540,423,0,0.67,0
Kv_psbB,541,424,0,0.62,0
Kv_psbB,542,425,0,0.47,0
Kv_psbB,543,426,0,0.95,0
Kv_psbB,544,427,0,0.90,0
Kv_psbB,545,428,0,1.00,0
Kv_psbB,546,429,0,1.00,0
Kv_psbB,547,430,0,0.82,0
Kv_psbB,548,431,0,0.90,0
Kv_psbB,549,432,0,0.84,0
Kv_psbB,550,433,0,0.95,0
Kv_psbB,551,434,0,0.69,0
Kv_psbB,552,435,0,0.54,0
Kv_psbB,553,436,0,0.84,0
Kv_psbB,554,437,0,0.60,0
Kv_psbB,555,438,0,0.95,0
Kv_psbB,556,439,0,0.83,0
Kv_psbB,557,440,1,0.74,5.37
Kv_psbB,558,441,0,0.76,0
Kv_psbB,559,442,0,1.00,0
Kv_psbB,560,443,0,1.00,0
Kv_psbB,561,444,0,0.90,0
Kv_psbB,562,445,0,0.81,0
Kv_psbB,563,446,0,1.00,0
Kv_psbB,564,447,0,1.00,0
Kv_psbB,565,448,0,0.89,0
Kv_psbB,566,449,0,0.89,0
Kv_psbB,567,450,0,1.00,0
Kv_psbB,568,451,0,0.95,0
Kv_psbB,569,452,0,1.00,0
Kv_psbB,570,453,0,0.95,0
Kv_psbB,571,454,0,0.78,0
Kv_psbB,572,455,0,0.90,0
Kv_psbB,573,456,0,0.85,0
Kv_psbB,574,457,0,0.92,0
Kv_psbB,577,460,0,1.00,0
Kv_psbB,578,461,0,1.00,0
Kv_psbB,579,462,0,0.64,0
Kv_psbB,582,465,0,0.79,0
Kv_psbB,583,466,0,1.00,0
Kv_psbB,584,467,0,0.67,0
Kv_psbB,585,468,0,1.00,0
Kv_psbB,586,469,0,1.00,0
Kv_psbB,587,470,0,1.00,0
Kv_psbB,588,471,0,1.00,0
Kv_psbB,589,472,0,1.00,0
Kv_psbB,590,473,0,1.00,0
Kv_psbB,591,474,0,0.89,0
Kv_psbB,592,475,1,1.00,-4.00
Kv_psbB,593,476,0,0.90,0
Kv_psbB,594,477,0,1.00,0
Kv_psbB,595,478,0,0.95,0
Kv_psbB,596,479,0,1.00,0
Kv_psbB,597,480,0,0.78,0
Kv_psbB,598,481,0,1.00,0
Kv_psbB,599,482,0,0.95,0
Kv_psbB,600,483,0,0.87,0
Kv_psbB,601,484,0,1.00,0
Kv_psbB,602,485,0,0.73,0
Kv_psbB,603,486,0,0.76,0
Kv_psbB,604,487,0,0.87,0
Kv_psbB,605,488,0,0.95,0
Kv_psbB,606,489,0,1.00,0
Kv_psbB,607,490,0,0.74,0
Kv_psbB,608,491,0,1.00,0
Kv_psbB,609,492,0,0.95,0
Kv_psbB,610,493,0,0.77,0
Kv_psbB,611,494,0,1.00,0
Kv_psbB,612,495,0,1.00,0
Kv_psbB,613,496,0,0.87,0
Kv_psbB,614,497,0,1.00,0
Kv_psbB,615,498,0,1.00,0
Kv_psbB,616,499,0,0.95,0
Kv_psbB,617,500,0,0.64,0
Kv_psbB,618,501,0,1.00,0
Kv_psbB,619,502,0,0.92,0
Kv_psbB,620,503,0,0.73,0
Kv_psbB,621,504,0,0.95,0
Kv_psbB,622,505,1,0.95,-0.97
Kv_psbB,623,506,0,0.95,0
Kv_psbB,624,507,1,0.95,0.93
Kv_psbB,625,508,0,0.90,0
Kv_psbB,626,509,0,0.71,0
Kv_psbB,627,510,0,1.00,0
Kv_psbB,628,511,1,0.95,-0.93
Kv_psbB,629,512,0,0.76,0
Kv_psbB,632,515,0,0.57,0
Kv_psbB,633,516,0,0.76,0
Kv_psbB,634,517,0,0.72,0
Kv_psbB,635,518,0,0.58,0
Kv_psbB,636,519,0,0.79,0
Kv_psbB,637,520,1,0.95,-0.03
Kv_psbB,638,521,0,0.89,0
Kv_psbB,639,522,0,1.00,0
Kv_psbB,640,523,0,0.95,0
Kv_psbB,641,524,0,1.00,0
Kv_psbB,642,525,1,0.68,-0.17
Kv_psbB,643,526,0,0.85,0
Kv_psbB,644,527,0,0.85,0
Kv_psbB,645,528,0,1.00,0
Kv_psbB,646,529,0,0.89,0
Kv_psbB,647,530,0,1.00,0
Kv_psbB,648,531,0,1.00,0
Kv_psbB,790,532,0,0.50,0
Kv_psbB,791,533,0,0.77,0
Kv_psbB,792,534,0,0.80,0
Kv_psbB,796,535,0,0.66,0
Kv_psbB,797,536,0,0.77,0
Kv_psbB,798,537,0,0.87,0
Kv_psbB,799,538,0,0.74,0
Kv_psbB,800,539,0,0.46,0
Kv_psbB,801,540,0,0.71,0
Kv_psbC,367,346,0,1.00,0
Kv_psbC,368,347,0,0.72,0
Kv_psbC,369,348,0,0.95,0
Kv_psbC,370,349,0,0.77,0
Kv_psbC,371,350,0,0.79,0
Kv_psbC,372,351,0,0.56,0
Kv_psbC,373,352,0,0.90,0
Kv_psbC,374,353,0,0.95,0
Kv_psbC,375,354,0,0.60,0
Kv_psbC,376,355,0,0.69,0
Kv_psbC,377,356,0,1.00,0
Kv_psbC,378,357,0,0.59,0
Kv_psbC,379,358,0,0.38,0
Kv_psbC,380,359,0,0.74,0
Kv_psbC,381,360,1,0.70,0.87
Kv_psbC,382,361,0,1.00,0
Kv_psbC,383,362,0,0.83,0
Kv_psbC,384,363,0,1.00,0
Kv_psbC,385,364,0,0.95,0
Kv_psbC,386,365,0,1.00,0
Kv_psbC,387,366,0,0.92,0
Kv_psbC,388,367,0,1.00,0
Kv_psbC,389,368,0,1.00,0
Kv_psbC,390,369,0,1.00,0
Kv_psbC,391,370,0,1.00,0
Kv_psbC,392,371,0,0.84,0
Kv_psbC,393,372,0,0.82,0
Kv_psbC,394,373,0,1.00,0
Kv_psbC,395,374,0,1.00,0
Kv_psbC,396,375,0,0.95,0
Kv_psbC,397,376,0,0.95,0
Kv_psbC,398,377,0,0.87,0
Kv_psbC,399,378,0,1.00,0
Kv_psbC,400,379,0,1.00,0
Kv_psbC,401,380,0,1.00,0
Kv_psbC,402,381,0,1.00,0
Kv_psbC,403,382,0,0.78,0
Kv_psbC,404,383,0,1.00,0
Kv_psbC,405,384,0,0.95,0
Kv_psbC,406,385,0,1.00,0
Kv_psbC,407,386,0,0.95,0
Kv_psbC,408,387,0,1.00,0
Kv_psbC,409,388,0,1.00,0
Kv_psbC,410,389,0,1.00,0
Kv_psbC,411,390,0,1.00,0
Kv_psbC,412,391,0,1.00,0
Kv_psbC,413,392,0,1.00,0
Kv_psbC,414,393,0,0.92,0
Kv_psbC,415,394,0,1.00,0
Kv_psbC,416,395,0,1.00,0
Kv_psbC,417,396,0,0.84,0
Kv_psbC,418,397,0,0.87,0
Kv_psbC,419,398,0,0.85,0
Kv_psbC,420,399,0,0.79,0
Kv_psbC,421,400,0,0.95,0
Kv_psbC,422,401,0,0.95,0
Kv_psbC,423,402,0,0.95,0
Kv_psbC,424,403,0,1.00,0
Kv_psbC,425,404,0,1.00,0
Kv_psbC,426,405,0,1.00,0
Kv_psbC,427,406,0,1.00,0
Kv_psbC,428,407,0,1.00,0
Kv_psbC,429,408,0,0.95,0
Kv_psbC,430,409,0,1.00,0
Kv_psbC,431,410,0,1.00,0
Kv_psbC,432,411,0,1.00,0
Kv_psbC,433,412,0,1.00,0
Kv_psbC,434,413,0,1.00,0
Kv_psbC,435,414,0,1.00,0
Kv_psbC,436,415,0,1.00,0
Kv_psbC,437,416,0,0.83,0
Kv_psbC,438,417,0,1.00,0
Kv_psbC,439,418,0,1.00,0
Kv_psbC,440,419,0,0.85,0
Kv_psbC,441,420,0,1.00,0
Kv_psbC,442,421,0,0.87,0
Kv_psbC,443,422,0,1.00,0
Kv_psbC,444,423,0,1.00,0
Kv_psbC,445,424,0,1.00,0
Kv_psbC,446,425,0,1.00,0
Kv_psbC,447,426,0,0.92,0
Kv_psbC,448,427,0,1.00,0
Kv_psbC,449,428,0,1.00,0
Kv_psbC,450,429,0,1.00,0
Kv_psbC,451,430,0,0.95,0
Kv_psbC,452,431,0,0.64,0
Kv_psbC,453,432,0,0.95,0
Kv_psbC,454,433,0,0.90,0
Kv_psbC,455,434,0,0.95,0
Kv_psbC,456,435,0,1.00,0
Kv_psbC,457,436,0,0.68,0
Kv_psbC,458,437,0,0.95,0
Kv_psbC,459,438,0,0.95,0
Kv_psbC,460,439,0,0.95,0
Kv_psbC,461,440,0,1.00,0
Kv_psbC,462,441,0,0.95,0
Kv_psbC,463,442,0,0.92,0
Kv_psbC,464,443,0,0.95,0
Kv_psbC,465,444,0,1.00,0
Kv_psbC,466,445,0,0.95,0
Kv_psbC,467,446,0,1.00,0
Kv_psbC,468,447,0,0.72,0
Kv_psbC,469,448,0,0.84,0
Kv_psbC,470,449,0,0.92,0
Kv_psbC,471,450,0,0.78,0
Kv_psbC,472,451,0,0.77,0
Kv_psbC,473,452,0,0.76,0
Kv_psbC,474,453,0,1.00,0
Kv_psbC,475,454,0,0.95,0
Kv_psbC,476,455,0,1.00,0
Kv_psbC,477,456,1,0.95,7.67
Kv_psbC,478,457,0,1.00,0
Kv_psbC,479,458,0,1.00,0
Kv_psbC,480,459,0,1.00,0
Kv_psbC,481,460,0,1.00,0
Kv_psbC,482,461,0,1.00,0
Kv_psbC,483,462,0,0.89,0
Kv_psbC,484,463,0,0.95,0
Kv_psbC,485,464,0,0.95,0
Kv_psbC,486,465,0,0.95,0
Kv_psbC,487,466,0,1.00,0
Kv_psbC,488,467,0,1.00,0
Kv_psbC,489,468,0,1.00,0
Kv_psbC,490,469,0,1.00,0
Kv_psbC,491,470,0,1.00,0
Kv_psbC,492,471,0,0.95,0
Kv_psbC,493,472,0,1.00,0
Kv_psbC,494,473,0,0.83,0
Kv_psbC,495,474,0,0.92,0
Kv_psbC,496,475,0,1.00,0
Kv_psbC,497,476,0,1.00,0
Kv_psbC,498,477,0,1.00,0
Kv_psbC,499,478,0,1.00,0
Kv_psbC,500,479,0,1.00,0
Kv_psbC,501,480,0,0.95,0
Kv_psbC,502,481,0,0.95,0
Kv_psbC,503,482,0,1.00,0
Kv_psbC,504,483,0,1.00,0
Kv_psbC,505,484,0,1.00,0
Kv_psbC,506,485,0,1.00,0
Kv_psbC,507,486,0,0.87,0
Kv_psbC,508,487,0,0.82,0
Kv_psbC,509,488,0,1.00,0
Kv_psbC,510,489,0,0.87,0
Kv_psbC,511,490,0,0.95,0
Kv_psbC,512,491,0,0.92,0
Kv_psbC,513,492,0,1.00,0
Kv_psbC,514,493,0,1.00,0
Kv_psbC,515,494,0,1.00,0
Kv_psbC,516,495,0,1.00,0
Kv_psbC,517,496,0,1.00,0
Kv_psbC,518,497,0,0.63,0
Kv_psbC,519,498,0,0.66,0
Kv_psbC,520,499,0,0.89,0
Kv_psbC,521,500,0,1.00,0
Kv_psbC,522,501,0,0.84,0
Kv_psbC,523,502,0,0.71,0
Kv_psbC,524,503,1,1.00,4.00
Kv_psbC,525,504,0,0.87,0
Kv_psbC,526,505,0,0.92,0
Kv_psbC,527,506,0,0.85,0
Kv_psbC,528,507,0,0.76,0
Kv_psbC,529,508,0,0.60,0
Kv_psbC,530,509,0,0.78,0
Kv_psbC,531,510,0,0.92,0
Kv_psbC,532,511,0,1.00,0
Kv_psbC,533,512,0,0.78,0
Kv_psbC,534,513,0,1.00,0
Kv_psbC,535,514,0,1.00,0
Kv_psbC,536,515,0,0.81,0
Kv_psbC,537,516,0,0.95,0
Kv_psbC,538,517,0,1.00,0
Kv_psbC,539,518,0,0.95,0
Kv_psbC,540,519,0,1.00,0
Kv_psbC,541,520,0,1.00,0
Kv_psbC,542,521,0,0.95,0
Kv_psbC,543,522,0,0.95,0
Kv_psbC,544,523,0,0.90,0
Kv_psbC,545,524,0,0.95,0
Kv_psbC,546,525,0,0.95,0
Kv_psbC,547,526,0,1.00,0
Kv_psbC,548,527,0,0.95,0
Kv_psbC,549,528,0,1.00,0
Kv_psbC,550,529,0,0.92,0
Kv_psbC,551,530,0,0.75,0
Kv_psbC,552,531,0,1.00,0
Kv_psbC,553,532,0,0.56,0
Kv_psbC,554,533,0,0.64,0
Kv_psbC,555,534,0,1.00,0
Kv_psbC,556,535,1,0.82,5.67
Kv_psbC,557,536,0,0.87,0
Kv_psbC,558,537,0,0.95,0
Kv_psbC,559,538,0,0.84,0
Kv_psbC,560,539,0,0.87,0
Kv_psbC,561,540,0,0.79,0
Kv_psbC,562,541,0,0.92,0
Kv_psbC,563,542,0,0.77,0
Kv_psbC,564,543,0,0.92,0
Kv_psbD,289,255,1,0.92,-2.00
Kv_psbD,290,256,0,1.00,0
Kv_psbD,291,257,0,1.00,0
Kv_psbD,292,258,1,0.95,-4.00
Kv_psbD,293,259,0,1.00,0
Kv_psbD,294,260,0,1.00,0
Kv_psbD,295,261,0,1.00,0
Kv_psbD,296,262,0,1.00,0
Kv_psbD,297,263,1,1.00,-6.00
Kv_psbD,298,264,0,1.00,0
Kv_psbD,299,265,1,1.00,-13.00
Kv_psbD,300,266,0,1.00,0
Kv_psbD,301,267,0,1.00,0
Kv_psbD,302,268,0,1.00,0
Kv_psbD,303,269,0,1.00,0
Kv_psbD,304,270,0,0.92,0
Kv_psbD,305,271,1,1.00,-6.00
Kv_psbD,306,272,1,0.95,-6.73
Kv_psbD,307,273,1,1.00,-7.00
Kv_psbD,308,274,0,1.00,0
Kv_psbD,309,275,0,0.92,0
Kv_psbD,310,276,1,0.79,-2.00
Kv_psbD,311,277,0,1.00,0
Kv_psbD,312,278,0,0.82,0
Kv_psbD,313,279,0,1.00,0
Kv_psbD,314,280,0,0.77,0
Kv_psbD,315,281,0,1.00,0
Kv_psbD,316,282,1,0.83,1.80
Kv_psbD,317,283,1,0.68,-2.13
Kv_psbD,318,284,0,1.00,0
Kv_psbD,319,285,1,0.79,2.00
Kv_psbD,320,286,1,0.95,-3.07
Kv_psbD,321,287,0,1.00,0
Kv_psbD,322,288,0,1.00,0
Kv_psbD,323,289,0,0.95,0
Kv_psbD,324,290,0,0.90,0
Kv_psbD,325,291,0,1.00,0
Kv_psbD,326,292,0,1.00,0
Kv_psbD,327,293,1,1.00,-7.00
Kv_psbD,328,294,1,1.00,3.00
Kv_psbD,329,295,0,1.00,0
Kv_psbD,330,296,0,1.00,0
Kv_psbD,331,297,0,1.00,0
Kv_psbD,332,298,0,0.95,0
Kv_psbD,333,299,0,1.00,0
Kv_psbD,334,300,1,1.00,-6.00
Kv_psbD,335,301,0,1.00,0
Kv_psbD,336,302,0,0.85,0
Kv_psbD,337,303,0,0.95,0
Kv_psbD,338,304,0,1.00,0
Kv_psbD,339,305,0,1.00,0
Kv_psbD,340,306,1,1.00,-7.00
Kv_psbD,341,307,1,1.00,-7.00
Kv_psbD,342,308,0,1.00,0
Kv_psbD,343,309,1,1.00,-3.00
Kv_psbD,344,310,0,1.00,0
Kv_psbD,345,311,0,1.00,0
Kv_psbD,346,312,1,1.00,-6.00
Kv_psbD,347,313,1,1.00,-8.00
Kv_psbD,348,314,0,1.00,0
Kv_psbD,349,315,0,1.00,0
Kv_psbD,350,316,1,1.00,-7.00
Kv_psbD,351,317,0,1.00,0
Kv_psbD,352,318,0,0.75,0
Kv_psbD,353,319,0,1.00,0
Kv_psbD,354,320,0,1.00,0
Kv_psbD,355,321,1,1.00,-5.00
Kv_psbD,356,322,1,1.00,-7.00
Kv_psbD,357,323,0,1.00,0
Kv_psbD,358,324,1,1.00,-1.00
Kv_psbD,359,325,0,1.00,0
Kv_psbD,360,326,0,0.76,0
Kv_psbD,361,327,1,1.00,-13.00
Kv_psbD,362,328,0,0.95,0
Kv_psbD,363,329,0,1.00,0
Kv_psbD,364,330,0,0.85,0
Kv_psbD,365,331,1,1.00,-6.00
Kv_psbD,366,332,1,1.00,-7.00
Kv_psbD,367,333,0,1.00,0
Kv_psbD,368,334,0,1.00,0
Kv_psbD,369,335,1,1.00,-10.00
Kv_psbD,370,336,0,1.00,0
Kv_psbD,371,337,0,0.95,0
Kv_psbD,372,338,1,0.87,-7.20
Kv_psbD,373,339,0,0.73,0
Kv_psbD,374,340,0,1.00,0
Kv_psbD,375,341,0,0.95,0
Kv_psbD,376,342,0,1.00,0
Kv_psbD,377,343,0,1.00,0
Kv_psbD,378,344,0,1.00,0
Kv_psbD,379,345,0,1.00,0
Kv_psbD,380,346,0,1.00,0
Kv_psbD,381,347,0,1.00,0
Kv_psbD,382,348,0,1.00,0
Kv_psbD,383,349,0,1.00,0
Kv_psbD,384,350,0,1.00,0
Kv_psbD,385,351,0,1.00,0
Kv_psbE,22,18,0,0.68,0
Kv_psbE,23,19,0,1.00,0
Kv_psbE,24,20,0,1.00,0
Kv_psbE,25,21,0,1.00,0
Kv_psbE,26,22,0,0.73,0
Kv_psbE,27,23,0,1.00,0
Kv_psbE,28,24,0,1.00,0
Kv_psbE,29,25,1,0.81,0.11
Kv_psbE,30,26,1,0.88,2.00
Kv_psbE,31,27,0,1.00,0
Kv_psbE,32,28,0,0.95,0
Kv_psbE,33,29,0,1.00,0
Kv_psbE,34,30,1,0.80,1.19
Kv_psbE,35,31,0,1.00,0
Kv_psbE,36,32,0,1.00,0
Kv_psbE,37,33,0,0.70,0
Kv_psbE,38,34,0,0.78,0
Kv_psbE,39,35,0,1.00,0
Kv_psbE,40,36,0,0.83,0
Kv_psbE,41,37,1,0.91,-1.00
Kv_psbE,42,38,0,1.00,0
Kv_psbE,43,39,0,0.76,0
Kv_psbE,44,40,0,0.81,0
Kv_psbE,45,41,0,0.95,0
Kv_psbE,46,42,0,1.00,0
Kv_psbE,47,43,0,1.00,0
Kv_psbE,48,44,0,0.95,0
Kv_psbE,49,45,0,1.00,0
Kv_psbE,50,46,0,0.95,0
Kv_psbE,51,47,1,0.71,0.56
Kv_psbE,52,48,0,1.00,0
Kv_psbE,53,49,0,1.00,0
Kv_psbE,54,50,0,0.86,0
Kv_psbE,55,51,0,1.00,0
Kv_psbE,56,52,0,0.95,0
Kv_psbE,57,53,0,0.91,0
Kv_psbE,58,54,1,0.84,2.04
Kv_psbE,59,55,0,0.89,0
Kv_psbE,60,56,0,0.95,0
Kv_psbE,61,57,0,1.00,0
Kv_psbE,62,58,0,0.76,0
Kv_psbE,63,59,0,0.66,0
Kv_psbE,64,60,0,0.73,0
Kv_psbE,65,61,1,1.00,3.00
Kv_psbE,66,62,0,0.84,0
Kv_psbE,67,63,0,0.80,0
Kv_psbE,68,64,0,0.69,0
Kv_psbE,69,65,0,0.95,0
Kv_psbE,70,66,0,0.91,0
Kv_psbE,71,67,0,0.77,0
Kv_psbE,72,68,0,0.83,0
Kv_psbE,73,69,0,0.84,0
Kv_psbE,74,70,0,1.00,0
Kv_psbE,75,71,0,0.95,0
Kv_psbE,76,72,1,0.69,0.81
Kv_psbE,77,73,0,0.76,0
Kv_psbE,78,74,0,0.76,0
Kv_psbE,79,75,0,0.71,0
Kv_psbE,80,76,0,0.82,0
Kv_psbE,81,77,0,0.86,0
Kv_psbE,82,78,0,0.77,0
Kv_psbE,83,79,0,0.82,0
Kv_psbE,84,80,0,0.80,0
Kv_psbE,85,81,0,0.66,0
Kv_psbE,86,82,1,0.63,1.85
Kv_psbE,87,83,0,0.65,0
Kv_psbE,88,84,0,0.63,0
